Days Since Jan20,date,State,fips,cases,CaseIncrease,deaths,DeathInsrease,EmergDec,GathRecomAny,GathRestrict10,GathRestrictAny,NEBusinessClose,OtherBusinessClose,PublicMask,Quarantine,RestaurantRestrict,SchoolClose,StayAtHome,EmergDecMandate,GathRecomAnyMandate,GathRestrict10Mandate,GathRestrictAnyMandate,NEBusinessCloseMandate,OtherBusinessCloseMandate,PublicMaskMandate,QuarantineMandate,RestaurantRestrictMandate,SchoolCloseMandate,StayAtHomeMandate,EmergDecStateWide,GathRecomAnyStateWide,GathRestrict10StateWide,GathRestrictAnyStateWide,NEBusinessCloseStateWide,OtherBusinessCloseStateWide,PublicMaskStateWide,QuarantineStateWide,RestaurantRestrictStateWide,SchoolCloseStateWide,StayAtHomeStateWide
5,2020-01-25,California,6,1,,0,,0,0,0,0,0,0,0,0,0,0,0,0,0,0,0,0,0,0,0,0,0,0,0,0,0,0,0,0,0,0,0,0,0
6,2020-01-26,California,6,2,1,0,0,0,0,0,0,0,0,0,0,0,0,0,0,0,0,0,0,0,0,0,0,0,0,0,0,0,0,0,0,0,0,0,0,0
7,2020-01-27,California,6,2,0,0,0,0,0,0,0,0,0,0,0,0,0,0,0,0,0,0,0,0,0,0,0,0,0,0,0,0,0,0,0,0,0,0,0,0
8,2020-01-28,California,6,2,0,0,0,0,0,0,0,0,0,0,0,0,0,0,0,0,0,0,0,0,0,0,0,0,0,0,0,0,0,0,0,0,0,0,0,0
9,2020-01-29,California,6,2,0,0,0,0,0,0,0,0,0,0,0,0,0,0,0,0,0,0,0,0,0,0,0,0,0,0,0,0,0,0,0,0,0,0,0,0
10,2020-01-30,California,6,2,0,0,0,0,0,0,0,0,0,0,0,0,0,0,0,0,0,0,0,0,0,0,0,0,0,0,0,0,0,0,0,0,0,0,0,0
11,2020-01-31,California,6,3,1,0,0,0,0,0,0,0,0,0,0,0,0,0,0,0,0,0,0,0,0,0,0,0,0,0,0,0,0,0,0,0,0,0,0,0
12,2020-02-01,California,6,3,0,0,0,0,0,0,0,0,0,0,0,0,0,0,0,0,0,0,0,0,0,0,0,0,0,0,0,0,0,0,0,0,0,0,0,0
13,2020-02-02,California,6,6,3,0,0,0,0,0,0,0,0,0,0,0,0,0,0,0,0,0,0,0,0,0,0,0,0,0,0,0,0,0,0,0,0,0,0,0
14,2020-02-03,California,6,6,0,0,0,0,0,0,0,0,0,0,0,0,0,0,0,0,0,0,0,0,0,0,0,0,0,0,0,0,0,0,0,0,0,0,0,0
15,2020-02-04,California,6,6,0,0,0,0,0,0,0,0,0,0,0,0,0,0,0,0,0,0,0,0,0,0,0,0,0,0,0,0,0,0,0,0,0,0,0,0
16,2020-02-05,California,6,6,0,0,0,0,0,0,0,0,0,0,0,0,0,0,0,0,0,0,0,0,0,0,0,0,0,0,0,0,0,0,0,0,0,0,0,0
17,2020-02-06,California,6,6,0,0,0,0,0,0,0,0,0,0,0,0,0,0,0,0,0,0,0,0,0,0,0,0,0,0,0,0,0,0,0,0,0,0,0,0
18,2020-02-07,California,6,6,0,0,0,0,0,0,0,0,0,0,0,0,0,0,0,0,0,0,0,0,0,0,0,0,0,0,0,0,0,0,0,0,0,0,0,0
19,2020-02-08,California,6,6,0,0,0,0,0,0,0,0,0,0,0,0,0,0,0,0,0,0,0,0,0,0,0,0,0,0,0,0,0,0,0,0,0,0,0,0
20,2020-02-09,California,6,6,0,0,0,0,0,0,0,0,0,0,0,0,0,0,0,0,0,0,0,0,0,0,0,0,0,0,0,0,0,0,0,0,0,0,0,0
21,2020-02-10,California,6,7,1,0,0,0,0,0,0,0,0,0,0,0,0,0,0,0,0,0,0,0,0,0,0,0,0,0,0,0,0,0,0,0,0,0,0,0
22,2020-02-11,California,6,7,0,0,0,0,0,0,0,0,0,0,0,0,0,0,0,0,0,0,0,0,0,0,0,0,0,0,0,0,0,0,0,0,0,0,0,0
23,2020-02-12,California,6,7,0,0,0,0,0,0,0,0,0,0,0,0,0,0,0,0,0,0,0,0,0,0,0,0,0,0,0,0,0,0,0,0,0,0,0,0
24,2020-02-13,California,6,7,0,0,0,0,0,0,0,0,0,0,0,0,0,0,0,0,0,0,0,0,0,0,0,0,0,0,0,0,0,0,0,0,0,0,0,0
25,2020-02-14,California,6,7,0,0,0,0,0,0,0,0,0,0,0,0,0,0,0,0,0,0,0,0,0,0,0,0,0,0,0,0,0,0,0,0,0,0,0,0
26,2020-02-15,California,6,7,0,0,0,0,0,0,0,0,0,0,0,0,0,0,0,0,0,0,0,0,0,0,0,0,0,0,0,0,0,0,0,0,0,0,0,0
27,2020-02-16,California,6,7,0,0,0,0,0,0,0,0,0,0,0,0,0,0,0,0,0,0,0,0,0,0,0,0,0,0,0,0,0,0,0,0,0,0,0,0
28,2020-02-17,California,6,7,0,0,0,0,0,0,0,0,0,0,0,0,0,0,0,0,0,0,0,0,0,0,0,0,0,0,0,0,0,0,0,0,0,0,0,0
29,2020-02-18,California,6,7,0,0,0,0,0,0,0,0,0,0,0,0,0,0,0,0,0,0,0,0,0,0,0,0,0,0,0,0,0,0,0,0,0,0,0,0
30,2020-02-19,California,6,7,0,0,0,0,0,0,0,0,0,0,0,0,0,0,0,0,0,0,0,0,0,0,0,0,0,0,0,0,0,0,0,0,0,0,0,0
31,2020-02-20,California,6,8,1,0,0,0,0,0,0,0,0,0,0,0,0,0,0,0,0,0,0,0,0,0,0,0,0,0,0,0,0,0,0,0,0,0,0,0
32,2020-02-21,California,6,9,1,0,0,0,0,0,0,0,0,0,0,0,0,0,0,0,0,0,0,0,0,0,0,0,0,0,0,0,0,0,0,0,0,0,0,0
33,2020-02-22,California,6,9,0,0,0,0,0,0,0,0,0,0,0,0,0,0,0,0,0,0,0,0,0,0,0,0,0,0,0,0,0,0,0,0,0,0,0,0
34,2020-02-23,California,6,9,0,0,0,0,0,0,0,0,0,0,0,0,0,0,0,0,0,0,0,0,0,0,0,0,0,0,0,0,0,0,0,0,0,0,0,0
35,2020-02-24,California,6,11,2,0,0,0,0,0,0,0,0,0,0,0,0,0,0,0,0,0,0,0,0,0,0,0,0,0,0,0,0,0,0,0,0,0,0,0
36,2020-02-25,California,6,11,0,0,0,0,0,0,0,0,0,0,0,0,0,0,0,0,0,0,0,0,0,0,0,0,0,0,0,0,0,0,0,0,0,0,0,0
37,2020-02-26,California,6,26,15,0,0,0,0,0,0,0,0,0,0,0,0,0,0,0,0,0,0,0,0,0,0,0,0,0,0,0,0,0,0,0,0,0,0,0
38,2020-02-27,California,6,26,0,0,0,0,0,0,0,0,0,0,0,0,0,0,0,0,0,0,0,0,0,0,0,0,0,0,0,0,0,0,0,0,0,0,0,0
39,2020-02-28,California,6,27,1,0,0,0,0,0,0,0,0,0,0,0,0,0,0,0,0,0,0,0,0,0,0,0,0,0,0,0,0,0,0,0,0,0,0,0
40,2020-02-29,California,6,28,1,0,0,0,0,0,0,0,0,0,0,0,0,0,0,0,0,0,0,0,0,0,0,0,0,0,0,0,0,0,0,0,0,0,0,0
41,2020-03-01,California,6,33,5,0,0,0,0,0,0,0,0,0,0,0,0,0,0,0,0,0,0,0,0,0,0,0,0,0,0,0,0,0,0,0,0,0,0,0
42,2020-03-02,California,6,38,5,0,0,0,0,0,0,0,0,0,0,0,0,0,0,0,0,0,0,0,0,0,0,0,0,0,0,0,0,0,0,0,0,0,0,0
43,2020-03-03,California,6,45,7,0,0,0,0,0,0,0,0,0,0,0,0,0,0,0,0,0,0,0,0,0,0,0,0,0,0,0,0,0,0,0,0,0,0,0
44,2020-03-04,California,6,55,10,1,1,1,0,0,0,0,0,0,0,0,0,0,1,0,0,0,0,0,0,0,0,0,0,1,0,0,0,0,0,0,0,0,0,0
45,2020-03-05,California,6,67,12,1,0,1,0,0,0,0,0,0,0,0,0,0,1,0,0,0,0,0,0,0,0,0,0,1,0,0,0,0,0,0,0,0,0,0
46,2020-03-06,California,6,81,14,1,0,1,0,0,0,0,0,0,0,0,0,0,1,0,0,0,0,0,0,0,0,0,0,1,0,0,0,0,0,0,0,0,0,0
47,2020-03-07,California,6,100,19,1,0,1,0,0,0,0,0,0,0,0,0,0,1,0,0,0,0,0,0,0,0,0,0,1,0,0,0,0,0,0,0,0,0,0
48,2020-03-08,California,6,112,12,1,0,1,0,0,0,0,0,0,0,0,0,0,1,0,0,0,0,0,0,0,0,0,0,1,0,0,0,0,0,0,0,0,0,0
49,2020-03-09,California,6,172,60,2,1,1,0,0,0,0,0,0,0,0,0,0,1,0,0,0,0,0,0,0,0,0,0,1,0,0,0,0,0,0,0,0,0,0
50,2020-03-10,California,6,179,7,3,1,1,0,0,0,0,0,0,0,0,0,0,1,0,0,0,0,0,0,0,0,0,0,1,0,0,0,0,0,0,0,0,0,0
51,2020-03-11,California,6,202,23,4,1,1,0,0,1,0,0,0,0,0,0,0,1,0,0,1,0,0,0,0,0,0,0,1,0,0,1,0,0,0,0,0,0,0
52,2020-03-12,California,6,252,50,4,0,1,0,0,1,0,0,0,0,0,0,0,1,0,0,1,0,0,0,0,0,0,0,1,0,0,1,0,0,0,0,0,0,0
53,2020-03-13,California,6,320,68,5,1,1,0,0,1,0,0,0,0,0,1,0,1,0,0,1,0,0,0,0,0,0,0,1,0,0,1,0,0,0,0,0,0,0
54,2020-03-14,California,6,381,61,5,0,1,0,0,1,0,0,0,0,0,1,0,1,0,0,1,0,0,0,0,0,0,0,1,0,0,1,0,0,0,0,0,0,0
55,2020-03-15,California,6,478,97,6,1,1,0,0,1,0,0,0,0,0,1,0,1,0,0,1,0,0,0,0,0,0,0,1,0,0,1,0,0,0,0,0,0,0
56,2020-03-16,California,6,588,110,11,5,1,0,0,1,0,1,0,0,1,1,0,1,0,0,1,0,0,0,0,0,0,0,1,0,0,1,0,1,0,0,1,0,0
57,2020-03-17,California,6,732,144,14,3,1,0,0,1,0,1,0,0,1,1,0,1,0,0,1,0,0,0,0,0,0,0,1,0,0,1,0,1,0,0,1,0,0
58,2020-03-18,California,6,893,161,17,3,1,0,0,1,0,1,0,0,1,1,0,1,0,0,1,0,0,0,0,0,0,0,1,0,0,1,0,1,0,0,1,0,0
59,2020-03-19,California,6,1067,174,19,2,1,0,0,1,1,1,0,0,1,1,1,1,0,0,1,1,1,0,0,1,0,1,1,0,0,1,1,1,0,0,1,0,1
60,2020-03-20,California,6,1283,216,24,5,1,0,0,1,1,1,0,0,1,1,1,1,0,0,1,1,1,0,0,1,0,1,1,0,0,1,1,1,0,0,1,0,1
61,2020-03-21,California,6,1544,261,28,4,1,0,0,1,1,1,0,0,1,1,1,1,0,0,1,1,1,0,0,1,0,1,1,0,0,1,1,1,0,0,1,0,1
62,2020-03-22,California,6,1851,307,35,7,1,0,0,1,1,1,0,0,1,1,1,1,0,0,1,1,1,0,0,1,0,1,1,0,0,1,1,1,0,0,1,0,1
63,2020-03-23,California,6,2240,389,39,4,1,0,0,1,1,1,0,0,1,1,1,1,0,0,1,1,1,0,0,1,0,1,1,0,0,1,1,1,0,0,1,0,1
64,2020-03-24,California,6,2644,404,52,13,1,0,0,1,1,1,0,0,1,1,1,1,0,0,1,1,1,0,0,1,0,1,1,0,0,1,1,1,0,0,1,0,1
65,2020-03-25,California,6,3183,539,67,15,1,0,0,1,1,1,0,0,1,1,1,1,0,0,1,1,1,0,0,1,0,1,1,0,0,1,1,1,0,0,1,0,1
66,2020-03-26,California,6,4060,877,82,15,1,0,0,1,1,1,0,0,1,1,1,1,0,0,1,1,1,0,0,1,0,1,1,0,0,1,1,1,0,0,1,0,1
67,2020-03-27,California,6,4914,854,102,20,1,0,0,1,1,1,0,0,1,1,1,1,0,0,1,1,1,0,0,1,0,1,1,0,0,1,1,1,0,0,1,0,1
68,2020-03-28,California,6,5565,651,121,19,1,0,0,1,1,1,0,0,1,1,1,1,0,0,1,1,1,0,0,1,0,1,1,0,0,1,1,1,0,0,1,0,1
69,2020-03-29,California,6,6266,701,130,9,1,0,0,1,1,1,0,0,1,1,1,1,0,0,1,1,1,0,0,1,0,1,1,0,0,1,1,1,0,0,1,0,1
70,2020-03-30,California,6,7421,1155,146,16,1,0,0,1,1,1,0,0,1,1,1,1,0,0,1,1,1,0,0,1,0,1,1,0,0,1,1,1,0,0,1,0,1
71,2020-03-31,California,6,8582,1161,183,37,1,0,0,1,1,1,0,0,1,1,1,1,0,0,1,1,1,0,0,1,0,1,1,0,0,1,1,1,0,0,1,1,1
72,2020-04-01,California,6,9816,1234,212,29,1,0,0,1,1,1,1,0,1,1,1,1,0,0,1,1,1,0,0,1,0,1,1,0,0,1,1,1,1,0,1,1,1
73,2020-04-02,California,6,11190,1374,247,35,1,0,0,1,1,1,1,0,1,1,1,1,0,0,1,1,1,0,0,1,0,1,1,0,0,1,1,1,1,0,1,1,1
74,2020-04-03,California,6,12569,1379,282,35,1,0,0,1,1,1,1,0,1,1,1,1,0,0,1,1,1,0,0,1,0,1,1,0,0,1,1,1,1,0,1,1,1
75,2020-04-04,California,6,13796,1227,323,41,1,0,0,1,1,1,1,0,1,1,1,1,0,0,1,1,1,0,0,1,0,1,1,0,0,1,1,1,1,0,1,1,1
76,2020-04-05,California,6,15076,1280,349,26,1,0,0,1,1,1,1,0,1,1,1,1,0,0,1,1,1,0,0,1,0,1,1,0,0,1,1,1,1,0,1,1,1
77,2020-04-06,California,6,16284,1208,386,37,1,0,0,1,1,1,1,0,1,1,1,1,0,0,1,1,1,0,0,1,0,1,1,0,0,1,1,1,1,0,1,1,1
78,2020-04-07,California,6,17540,1256,447,61,1,0,0,1,1,1,1,0,1,1,1,1,0,0,1,1,1,0,0,1,0,1,1,0,0,1,1,1,1,0,1,1,1
79,2020-04-08,California,6,19043,1503,506,59,1,0,0,1,1,1,1,0,1,1,1,1,0,0,1,1,1,0,0,1,0,1,1,0,0,1,1,1,1,0,1,1,1
80,2020-04-09,California,6,20191,1148,548,42,1,0,0,1,1,1,1,0,1,1,1,1,0,0,1,1,1,0,0,1,0,1,1,0,0,1,1,1,1,0,1,1,1
81,2020-04-10,California,6,21366,1175,594,46,1,0,0,1,1,1,1,0,1,1,1,1,0,0,1,1,1,0,0,1,0,1,1,0,0,1,1,1,1,0,1,1,1
82,2020-04-11,California,6,22421,1055,632,38,1,0,0,1,1,1,1,0,1,1,1,1,0,0,1,1,1,0,0,1,0,1,1,0,0,1,1,1,1,0,1,1,1
83,2020-04-12,California,6,23323,902,676,44,1,0,0,1,1,1,1,0,1,1,1,1,0,0,1,1,1,0,0,1,0,1,1,0,0,1,1,1,1,0,1,1,1
84,2020-04-13,California,6,24334,1011,725,49,1,0,0,1,1,1,1,0,1,1,1,1,0,0,1,1,1,0,0,1,0,1,1,0,0,1,1,1,1,0,1,1,1
85,2020-04-14,California,6,25758,1424,778,53,1,0,0,1,1,1,1,0,1,1,1,1,0,0,1,1,1,0,0,1,0,1,1,0,0,1,1,1,1,0,1,1,1
86,2020-04-15,California,6,27107,1349,885,107,1,0,0,1,1,1,1,0,1,1,1,1,0,0,1,1,1,0,0,1,0,1,1,0,0,1,1,1,1,0,1,1,1
87,2020-04-16,California,6,28142,1035,971,86,1,0,0,1,1,1,1,0,1,1,1,1,0,0,1,1,1,0,0,1,0,1,1,0,0,1,1,1,1,0,1,1,1
88,2020-04-17,California,6,29398,1256,1050,79,1,0,0,1,1,1,1,0,1,1,1,1,0,0,1,1,1,0,0,1,0,1,1,0,0,1,1,1,1,0,1,1,1
89,2020-04-18,California,6,30829,1431,1146,96,1,0,0,1,1,1,1,0,1,1,1,1,0,0,1,1,1,0,0,1,0,1,1,0,0,1,1,1,1,0,1,1,1
90,2020-04-19,California,6,31544,715,1176,30,1,0,0,1,1,1,1,0,1,1,1,1,0,0,1,1,1,0,0,1,0,1,1,0,0,1,1,1,1,0,1,1,1
91,2020-04-20,California,6,33862,2318,1223,47,1,0,0,1,1,1,1,0,1,1,1,1,0,0,1,1,1,0,0,1,0,1,1,0,0,1,1,1,1,0,1,1,1
92,2020-04-21,California,6,35844,1982,1316,93,1,0,0,1,1,1,1,0,1,1,1,1,0,0,1,1,1,0,0,1,0,1,1,0,0,1,1,1,1,0,1,1,1
93,2020-04-22,California,6,37573,1729,1425,109,1,0,0,1,1,1,1,0,1,1,1,1,0,0,1,1,1,0,0,1,0,1,1,0,0,1,1,1,1,0,1,1,1
94,2020-04-23,California,6,39534,1961,1548,123,1,0,0,1,1,1,1,0,1,1,1,1,0,0,1,1,1,0,0,1,0,1,1,0,0,1,1,1,1,0,1,1,1
95,2020-04-24,California,6,41368,1834,1619,71,1,0,0,1,1,1,1,0,1,1,1,1,0,0,1,1,1,0,0,1,0,1,1,0,0,1,1,1,1,0,1,1,1
96,2020-04-25,California,6,42590,1222,1692,73,1,0,0,1,1,1,1,0,1,1,1,1,0,0,1,1,1,0,0,1,0,1,1,0,0,1,1,1,1,0,1,1,1
97,2020-04-26,California,6,43691,1101,1716,24,1,0,0,1,1,1,1,0,1,1,1,1,0,0,1,1,1,0,0,1,0,1,1,0,0,1,1,1,1,0,1,1,1
98,2020-04-27,California,6,45208,1517,1800,84,1,0,0,1,1,1,1,0,1,1,1,1,0,0,1,1,1,0,0,1,0,1,1,0,0,1,1,1,1,0,1,1,1
99,2020-04-28,California,6,46570,1362,1884,84,1,0,0,1,1,1,1,0,1,1,1,1,0,0,1,1,1,0,0,1,0,1,1,0,0,1,1,1,1,0,1,1,1
100,2020-04-29,California,6,48904,2334,1961,77,1,0,0,1,1,1,1,0,1,1,1,1,0,0,1,1,1,0,0,1,0,1,1,0,0,1,1,1,1,0,1,1,1
101,2020-04-30,California,6,50470,1566,2057,96,1,0,0,1,1,1,1,0,1,1,1,1,0,0,1,1,1,0,0,1,0,1,1,0,0,1,1,1,1,0,1,1,1
102,2020-05-01,California,6,52318,1848,2147,90,1,0,0,1,1,1,1,0,1,1,1,1,0,0,1,1,1,0,0,1,0,1,1,0,0,1,1,1,1,0,1,1,1
103,2020-05-02,California,6,53753,1435,2213,66,1,0,0,1,1,1,1,0,1,1,1,1,0,0,1,1,1,0,0,1,0,1,1,0,0,1,1,1,1,0,1,1,1
104,2020-05-03,California,6,55072,1319,2235,22,1,0,0,1,1,1,1,0,1,1,1,1,0,0,1,1,1,0,0,1,0,1,1,0,0,1,1,1,1,0,1,1,1
105,2020-05-04,California,6,56333,1261,2297,62,1,0,0,1,1,1,1,0,1,1,1,1,0,0,1,1,1,0,0,1,0,1,1,0,0,1,1,1,1,0,1,1,1
106,2020-05-05,California,6,58848,2515,2386,89,1,0,0,1,1,1,1,0,1,1,1,1,0,0,1,1,1,0,0,1,0,1,1,0,0,1,1,1,1,0,1,1,1
107,2020-05-06,California,6,60787,1939,2478,92,1,0,0,1,1,1,1,0,1,1,1,1,0,0,1,1,1,0,0,1,0,1,1,0,0,1,1,1,1,0,1,1,1
108,2020-05-07,California,6,62481,1694,2561,83,1,0,0,1,1,1,1,0,1,1,1,1,0,0,1,1,1,0,0,1,0,1,1,0,0,1,1,1,1,0,1,1,1
109,2020-05-08,California,6,64616,2135,2650,89,1,0,0,1,1,1,1,0,1,1,1,1,0,0,1,1,1,0,0,1,0,1,1,0,0,1,1,1,1,0,1,1,1
110,2020-05-09,California,6,66824,2208,2732,82,1,0,0,1,1,1,1,0,1,1,1,1,0,0,1,1,1,0,0,1,0,1,1,0,0,1,1,1,1,0,1,1,1
111,2020-05-10,California,6,68051,1227,2769,37,1,0,0,1,1,1,1,0,1,1,1,1,0,0,1,1,1,0,0,1,0,1,1,0,0,1,1,1,1,0,1,1,1
112,2020-05-11,California,6,69514,1463,2820,51,1,0,0,1,1,1,1,0,1,1,1,1,0,0,1,1,1,0,0,1,0,1,1,0,0,1,1,1,1,0,1,1,1
113,2020-05-12,California,6,71150,1636,2902,82,1,0,0,1,1,1,1,0,1,1,1,1,0,0,1,1,1,0,0,1,0,1,1,0,0,1,1,1,1,0,1,1,1
114,2020-05-13,California,6,73218,2068,3014,112,1,0,0,1,1,1,1,0,1,1,1,1,0,0,1,1,1,0,0,1,0,1,1,0,0,1,1,1,1,0,1,1,1
115,2020-05-14,California,6,74947,1729,3039,25,1,0,0,1,1,1,1,0,1,1,1,1,0,0,1,1,1,0,0,1,0,1,1,0,0,1,1,1,1,0,1,1,1
116,2020-05-15,California,6,77015,2068,3192,153,1,0,0,1,1,1,1,0,1,1,1,1,0,0,1,1,1,0,0,1,0,1,1,0,0,1,1,1,1,0,1,1,1
117,2020-05-16,California,6,78933,1918,3254,62,1,0,0,1,1,1,1,0,1,1,1,1,0,0,1,1,1,0,0,1,0,1,1,0,0,1,1,1,1,0,1,1,1
118,2020-05-17,California,6,80366,1433,3290,36,1,0,0,1,1,1,1,0,1,1,1,1,0,0,1,1,1,0,0,1,0,1,1,0,0,1,1,1,1,0,1,1,1
119,2020-05-18,California,6,81943,1577,3322,32,1,0,0,1,1,1,1,0,1,1,1,1,0,0,1,1,1,0,0,1,0,1,1,0,0,1,1,1,1,0,1,1,1
120,2020-05-19,California,6,83981,2038,3422,100,1,0,0,1,1,1,1,0,1,1,1,1,0,0,1,1,1,0,0,1,0,1,1,0,0,1,1,1,1,0,1,1,1
121,2020-05-20,California,6,86125,2144,3514,92,1,0,0,1,1,1,1,0,1,1,1,1,0,0,1,1,1,0,0,1,0,1,1,0,0,1,1,1,1,0,1,1,1
122,2020-05-21,California,6,88488,2363,3624,110,1,0,0,1,1,1,1,0,1,1,1,1,0,0,1,1,1,0,0,1,0,1,1,0,0,1,1,1,1,0,1,1,1
123,2020-05-22,California,6,90801,2313,3690,66,1,0,0,1,1,1,1,0,1,1,1,1,0,0,1,1,1,0,0,1,0,1,1,0,0,1,1,1,1,0,1,1,1
124,2020-05-23,California,6,92815,2014,3768,78,1,0,0,1,1,1,1,0,1,1,1,1,0,0,1,1,1,0,0,1,0,1,1,0,0,1,1,1,1,0,1,1,1
125,2020-05-24,California,6,94743,1928,3790,22,1,0,0,1,1,1,1,0,1,1,1,1,0,0,1,1,1,0,0,1,0,1,1,0,0,1,1,1,1,0,1,1,1
126,2020-05-25,California,6,97017,2274,3808,18,1,0,0,1,1,1,1,0,1,1,1,1,0,0,1,1,1,0,0,1,0,1,1,0,0,1,1,1,1,0,1,1,1
127,2020-05-26,California,6,99925,2908,3859,51,1,0,0,1,1,1,1,0,1,1,1,1,0,0,1,1,1,0,0,1,0,1,1,0,0,1,1,1,1,0,1,1,1
128,2020-05-27,California,6,101874,1949,3961,102,1,0,0,1,1,1,1,0,1,1,1,1,0,0,1,1,1,0,0,1,0,1,1,0,0,1,1,1,1,0,1,1,1
129,2020-05-28,California,6,104071,2197,4042,81,1,0,0,1,1,1,1,0,1,1,1,1,0,0,1,1,1,0,0,1,0,1,1,0,0,1,1,1,1,0,1,1,1
130,2020-05-29,California,6,107043,2972,4144,102,1,0,0,1,1,1,1,0,1,1,1,1,0,0,1,1,1,0,0,1,0,1,1,0,0,1,1,1,1,0,1,1,1
131,2020-05-30,California,6,110100,3057,4214,70,1,0,0,1,1,1,1,0,1,1,1,1,0,0,1,1,1,0,0,1,0,1,1,0,0,1,1,1,1,0,1,1,1
132,2020-05-31,California,6,113114,3014,4242,28,1,0,0,1,1,1,1,0,1,1,1,1,0,0,1,1,1,0,0,1,0,1,1,0,0,1,1,1,1,0,1,1,1
133,2020-06-01,California,6,115643,2529,4287,45,1,0,0,1,1,1,1,0,1,1,1,1,0,0,1,1,1,0,0,1,0,1,1,0,0,1,1,1,1,0,1,1,1
134,2020-06-02,California,6,118081,2438,4360,73,1,0,0,1,1,1,1,0,1,1,1,1,0,0,1,1,1,0,0,1,0,1,1,0,0,1,1,1,1,0,1,1,1
135,2020-06-03,California,6,120407,2326,4422,62,1,0,0,1,1,1,1,0,1,1,1,1,0,0,1,1,1,0,0,1,0,1,1,0,0,1,1,1,1,0,1,1,1
136,2020-06-04,California,6,122917,2510,4484,62,1,0,0,1,1,1,1,0,1,1,1,1,0,0,1,1,1,0,0,1,0,1,1,0,0,1,1,1,1,0,1,1,1
137,2020-06-05,California,6,126510,3593,4550,66,1,0,0,1,1,1,1,0,1,1,1,1,0,0,1,1,1,0,0,1,0,1,1,0,0,1,1,1,1,0,1,1,1
138,2020-06-06,California,6,129147,2637,4626,76,1,0,0,1,1,1,1,0,1,1,1,1,0,0,1,1,1,0,0,1,0,1,1,0,0,1,1,1,1,0,1,1,1
139,2020-06-07,California,6,131997,2850,4653,27,1,0,0,1,1,1,1,0,1,1,1,1,0,0,1,1,1,0,0,1,0,1,1,0,0,1,1,1,1,0,1,1,1
140,2020-06-08,California,6,134287,2290,4679,26,1,0,0,1,1,1,1,0,1,1,1,1,0,0,1,1,1,0,0,1,0,1,1,0,0,1,1,1,1,0,1,1,1
141,2020-06-09,California,6,137230,2943,4775,96,1,0,0,1,1,1,1,0,1,1,1,1,0,0,1,1,1,0,0,1,0,1,1,0,0,1,1,1,1,0,1,1,1
142,2020-06-10,California,6,140123,2893,4869,94,1,0,0,1,1,1,1,0,1,1,1,1,0,0,1,1,1,0,0,1,0,1,1,0,0,1,1,1,1,0,1,1,1
143,2020-06-11,California,6,143693,3570,4941,72,1,0,0,1,1,1,1,0,1,1,1,1,0,0,1,1,1,0,0,1,0,1,1,0,0,1,1,1,1,0,1,1,1
144,2020-06-12,California,6,147269,3576,4986,45,0,0,0,0,0,0,0,0,0,0,0,0,0,0,0,0,0,0,0,0,0,0,0,0,0,0,0,0,0,0,0,0,0
4,2020-01-24,Illinois,17,1,,0,,0,0,0,0,0,0,0,0,0,0,0,0,0,0,0,0,0,0,0,0,0,0,0,0,0,0,0,0,0,0,0,0,0
5,2020-01-25,Illinois,17,1,0,0,0,0,0,0,0,0,0,0,0,0,0,0,0,0,0,0,0,0,0,0,0,0,0,0,0,0,0,0,0,0,0,0,0,0
6,2020-01-26,Illinois,17,1,0,0,0,0,0,0,0,0,0,0,0,0,0,0,0,0,0,0,0,0,0,0,0,0,0,0,0,0,0,0,0,0,0,0,0,0
7,2020-01-27,Illinois,17,1,0,0,0,0,0,0,0,0,0,0,0,0,0,0,0,0,0,0,0,0,0,0,0,0,0,0,0,0,0,0,0,0,0,0,0,0
8,2020-01-28,Illinois,17,1,0,0,0,0,0,0,0,0,0,0,0,0,0,0,0,0,0,0,0,0,0,0,0,0,0,0,0,0,0,0,0,0,0,0,0,0
9,2020-01-29,Illinois,17,1,0,0,0,0,0,0,0,0,0,0,0,0,0,0,0,0,0,0,0,0,0,0,0,0,0,0,0,0,0,0,0,0,0,0,0,0
10,2020-01-30,Illinois,17,2,1,0,0,0,0,0,0,0,0,0,0,0,0,0,0,0,0,0,0,0,0,0,0,0,0,0,0,0,0,0,0,0,0,0,0,0
11,2020-01-31,Illinois,17,2,0,0,0,0,0,0,0,0,0,0,0,0,0,0,0,0,0,0,0,0,0,0,0,0,0,0,0,0,0,0,0,0,0,0,0,0
12,2020-02-01,Illinois,17,2,0,0,0,0,0,0,0,0,0,0,0,0,0,0,0,0,0,0,0,0,0,0,0,0,0,0,0,0,0,0,0,0,0,0,0,0
13,2020-02-02,Illinois,17,2,0,0,0,0,0,0,0,0,0,0,0,0,0,0,0,0,0,0,0,0,0,0,0,0,0,0,0,0,0,0,0,0,0,0,0,0
14,2020-02-03,Illinois,17,2,0,0,0,0,0,0,0,0,0,0,0,0,0,0,0,0,0,0,0,0,0,0,0,0,0,0,0,0,0,0,0,0,0,0,0,0
15,2020-02-04,Illinois,17,2,0,0,0,0,0,0,0,0,0,0,0,0,0,0,0,0,0,0,0,0,0,0,0,0,0,0,0,0,0,0,0,0,0,0,0,0
16,2020-02-05,Illinois,17,2,0,0,0,0,0,0,0,0,0,0,0,0,0,0,0,0,0,0,0,0,0,0,0,0,0,0,0,0,0,0,0,0,0,0,0,0
17,2020-02-06,Illinois,17,2,0,0,0,0,0,0,0,0,0,0,0,0,0,0,0,0,0,0,0,0,0,0,0,0,0,0,0,0,0,0,0,0,0,0,0,0
18,2020-02-07,Illinois,17,2,0,0,0,0,0,0,0,0,0,0,0,0,0,0,0,0,0,0,0,0,0,0,0,0,0,0,0,0,0,0,0,0,0,0,0,0
19,2020-02-08,Illinois,17,2,0,0,0,0,0,0,0,0,0,0,0,0,0,0,0,0,0,0,0,0,0,0,0,0,0,0,0,0,0,0,0,0,0,0,0,0
20,2020-02-09,Illinois,17,2,0,0,0,0,0,0,0,0,0,0,0,0,0,0,0,0,0,0,0,0,0,0,0,0,0,0,0,0,0,0,0,0,0,0,0,0
21,2020-02-10,Illinois,17,2,0,0,0,0,0,0,0,0,0,0,0,0,0,0,0,0,0,0,0,0,0,0,0,0,0,0,0,0,0,0,0,0,0,0,0,0
22,2020-02-11,Illinois,17,2,0,0,0,0,0,0,0,0,0,0,0,0,0,0,0,0,0,0,0,0,0,0,0,0,0,0,0,0,0,0,0,0,0,0,0,0
23,2020-02-12,Illinois,17,2,0,0,0,0,0,0,0,0,0,0,0,0,0,0,0,0,0,0,0,0,0,0,0,0,0,0,0,0,0,0,0,0,0,0,0,0
24,2020-02-13,Illinois,17,2,0,0,0,0,0,0,0,0,0,0,0,0,0,0,0,0,0,0,0,0,0,0,0,0,0,0,0,0,0,0,0,0,0,0,0,0
25,2020-02-14,Illinois,17,2,0,0,0,0,0,0,0,0,0,0,0,0,0,0,0,0,0,0,0,0,0,0,0,0,0,0,0,0,0,0,0,0,0,0,0,0
26,2020-02-15,Illinois,17,2,0,0,0,0,0,0,0,0,0,0,0,0,0,0,0,0,0,0,0,0,0,0,0,0,0,0,0,0,0,0,0,0,0,0,0,0
27,2020-02-16,Illinois,17,2,0,0,0,0,0,0,0,0,0,0,0,0,0,0,0,0,0,0,0,0,0,0,0,0,0,0,0,0,0,0,0,0,0,0,0,0
28,2020-02-17,Illinois,17,2,0,0,0,0,0,0,0,0,0,0,0,0,0,0,0,0,0,0,0,0,0,0,0,0,0,0,0,0,0,0,0,0,0,0,0,0
29,2020-02-18,Illinois,17,2,0,0,0,0,0,0,0,0,0,0,0,0,0,0,0,0,0,0,0,0,0,0,0,0,0,0,0,0,0,0,0,0,0,0,0,0
30,2020-02-19,Illinois,17,2,0,0,0,0,0,0,0,0,0,0,0,0,0,0,0,0,0,0,0,0,0,0,0,0,0,0,0,0,0,0,0,0,0,0,0,0
31,2020-02-20,Illinois,17,2,0,0,0,0,0,0,0,0,0,0,0,0,0,0,0,0,0,0,0,0,0,0,0,0,0,0,0,0,0,0,0,0,0,0,0,0
32,2020-02-21,Illinois,17,2,0,0,0,0,0,0,0,0,0,0,0,0,0,0,0,0,0,0,0,0,0,0,0,0,0,0,0,0,0,0,0,0,0,0,0,0
33,2020-02-22,Illinois,17,2,0,0,0,0,0,0,0,0,0,0,0,0,0,0,0,0,0,0,0,0,0,0,0,0,0,0,0,0,0,0,0,0,0,0,0,0
34,2020-02-23,Illinois,17,2,0,0,0,0,0,0,0,0,0,0,0,0,0,0,0,0,0,0,0,0,0,0,0,0,0,0,0,0,0,0,0,0,0,0,0,0
35,2020-02-24,Illinois,17,2,0,0,0,0,0,0,0,0,0,0,0,0,0,0,0,0,0,0,0,0,0,0,0,0,0,0,0,0,0,0,0,0,0,0,0,0
36,2020-02-25,Illinois,17,2,0,0,0,0,0,0,0,0,0,0,0,0,0,0,0,0,0,0,0,0,0,0,0,0,0,0,0,0,0,0,0,0,0,0,0,0
37,2020-02-26,Illinois,17,2,0,0,0,0,0,0,0,0,0,0,0,0,0,0,0,0,0,0,0,0,0,0,0,0,0,0,0,0,0,0,0,0,0,0,0,0
38,2020-02-27,Illinois,17,2,0,0,0,0,0,0,0,0,0,0,0,0,0,0,0,0,0,0,0,0,0,0,0,0,0,0,0,0,0,0,0,0,0,0,0,0
39,2020-02-28,Illinois,17,2,0,0,0,0,0,0,0,0,0,0,0,0,0,0,0,0,0,0,0,0,0,0,0,0,0,0,0,0,0,0,0,0,0,0,0,0
40,2020-02-29,Illinois,17,3,1,0,0,0,0,0,0,0,0,0,0,0,0,0,0,0,0,0,0,0,0,0,0,0,0,0,0,0,0,0,0,0,0,0,0,0
41,2020-03-01,Illinois,17,3,0,0,0,0,0,0,0,0,0,0,0,0,0,0,0,0,0,0,0,0,0,0,0,0,0,0,0,0,0,0,0,0,0,0,0,0
42,2020-03-02,Illinois,17,4,1,0,0,0,0,0,0,0,0,0,0,0,0,0,0,0,0,0,0,0,0,0,0,0,0,0,0,0,0,0,0,0,0,0,0,0
43,2020-03-03,Illinois,17,4,0,0,0,0,0,0,0,0,0,0,0,0,0,0,0,0,0,0,0,0,0,0,0,0,0,0,0,0,0,0,0,0,0,0,0,0
44,2020-03-04,Illinois,17,4,0,0,0,0,0,0,0,0,0,0,0,0,0,0,0,0,0,0,0,0,0,0,0,0,0,0,0,0,0,0,0,0,0,0,0,0
45,2020-03-05,Illinois,17,5,1,0,0,0,0,0,0,0,0,0,0,0,0,0,0,0,0,0,0,0,0,0,0,0,0,0,0,0,0,0,0,0,0,0,0,0
46,2020-03-06,Illinois,17,6,1,0,0,0,0,0,0,0,0,0,0,0,0,0,0,0,0,0,0,0,0,0,0,0,0,0,0,0,0,0,0,0,0,0,0,0
47,2020-03-07,Illinois,17,6,0,0,0,0,0,0,0,0,0,0,0,0,0,0,0,0,0,0,0,0,0,0,0,0,0,0,0,0,0,0,0,0,0,0,0,0
48,2020-03-08,Illinois,17,7,1,0,0,0,0,0,0,0,0,0,0,0,0,0,0,0,0,0,0,0,0,0,0,0,0,0,0,0,0,0,0,0,0,0,0,0
49,2020-03-09,Illinois,17,11,4,0,0,1,0,0,0,0,0,0,0,0,0,0,1,0,0,0,0,0,0,0,0,0,0,1,0,0,0,0,0,0,0,0,0,0
50,2020-03-10,Illinois,17,19,8,0,0,1,0,0,0,0,0,0,0,0,0,0,1,0,0,0,0,0,0,0,0,0,0,1,0,0,0,0,0,0,0,0,0,0
51,2020-03-11,Illinois,17,25,6,0,0,1,0,0,0,0,0,0,0,0,0,0,1,0,0,0,0,0,0,0,0,0,0,1,0,0,0,0,0,0,0,0,0,0
52,2020-03-12,Illinois,17,32,7,0,0,1,0,0,0,0,0,0,0,0,0,0,1,0,0,0,0,0,0,0,0,0,0,1,0,0,0,0,0,0,0,0,0,0
53,2020-03-13,Illinois,17,46,14,0,0,1,0,0,1,0,0,0,0,0,0,0,1,0,0,1,0,0,0,0,0,0,0,1,0,0,1,0,0,0,0,0,0,0
54,2020-03-14,Illinois,17,66,20,0,0,1,0,0,1,0,0,0,0,0,0,0,1,0,0,1,0,0,0,0,0,0,0,1,0,0,1,0,0,0,0,0,0,0
55,2020-03-15,Illinois,17,94,28,0,0,1,0,0,1,0,0,0,0,0,0,0,1,0,0,1,0,0,0,0,0,0,0,1,0,0,1,0,0,0,0,0,0,0
56,2020-03-16,Illinois,17,104,10,0,0,1,0,0,1,0,0,0,0,1,0,0,1,0,0,1,0,0,0,0,1,0,0,1,0,0,1,0,0,0,0,1,0,0
57,2020-03-17,Illinois,17,159,55,1,1,1,0,0,1,0,0,0,0,1,1,0,1,0,0,1,0,0,0,0,1,1,0,1,0,0,1,0,0,0,0,1,1,0
58,2020-03-18,Illinois,17,286,127,1,0,1,0,0,1,0,0,0,0,1,1,0,1,0,0,1,0,0,0,0,1,1,0,1,0,0,1,0,0,0,0,1,1,0
59,2020-03-19,Illinois,17,420,134,4,3,1,0,0,1,0,0,0,0,1,1,0,1,0,0,1,0,0,0,0,1,1,0,1,0,0,1,0,0,0,0,1,1,0
60,2020-03-20,Illinois,17,583,163,5,1,1,0,0,1,0,0,0,0,1,1,0,1,0,0,1,0,0,0,0,1,1,0,1,0,0,1,0,0,0,0,1,1,0
61,2020-03-21,Illinois,17,751,168,6,1,1,0,1,1,1,1,0,0,1,1,1,1,0,1,1,1,1,0,0,1,1,1,1,0,1,1,1,1,0,0,1,1,1
62,2020-03-22,Illinois,17,1047,296,9,3,1,0,1,1,1,1,0,0,1,1,1,1,0,1,1,1,1,0,0,1,1,1,1,0,1,1,1,1,0,0,1,1,1
63,2020-03-23,Illinois,17,1285,238,12,3,1,0,1,1,1,1,0,0,1,1,1,1,0,1,1,1,1,0,0,1,1,1,1,0,1,1,1,1,0,0,1,1,1
64,2020-03-24,Illinois,17,1535,250,16,4,1,0,1,1,1,1,0,0,1,1,1,1,0,1,1,1,1,0,0,1,1,1,1,0,1,1,1,1,0,0,1,1,1
65,2020-03-25,Illinois,17,1874,339,21,5,1,0,1,1,1,1,0,0,1,1,1,1,0,1,1,1,1,0,0,1,1,1,1,0,1,1,1,1,0,0,1,1,1
66,2020-03-26,Illinois,17,2538,664,26,5,1,0,1,1,1,1,0,0,1,1,1,1,0,1,1,1,1,0,0,1,1,1,1,0,1,1,1,1,0,0,1,1,1
67,2020-03-27,Illinois,17,3029,491,37,11,1,0,1,1,1,1,0,0,1,1,1,1,0,1,1,1,1,0,0,1,1,1,1,0,1,1,1,1,0,0,1,1,1
68,2020-03-28,Illinois,17,3547,518,50,13,1,0,1,1,1,1,0,0,1,1,1,1,0,1,1,1,1,0,0,1,1,1,1,0,1,1,1,1,0,0,1,1,1
69,2020-03-29,Illinois,17,4613,1066,70,20,1,0,1,1,1,1,0,0,1,1,1,1,0,1,1,1,1,0,0,1,1,1,1,0,1,1,1,1,0,0,1,1,1
70,2020-03-30,Illinois,17,5070,457,84,14,1,0,1,1,1,1,0,0,1,1,1,1,0,1,1,1,1,0,0,1,1,1,1,0,1,1,1,1,0,0,1,1,1
71,2020-03-31,Illinois,17,5992,922,107,23,1,0,1,1,1,1,0,0,1,1,1,1,0,1,1,1,1,0,0,1,1,1,1,0,1,1,1,1,0,0,1,1,1
72,2020-04-01,Illinois,17,6978,986,146,39,1,0,1,1,1,1,0,0,1,1,1,1,0,1,1,1,1,0,0,1,1,1,1,0,1,1,1,1,0,0,1,1,1
73,2020-04-02,Illinois,17,7695,717,165,19,1,0,1,1,1,1,0,0,1,1,1,1,0,1,1,1,1,0,0,1,1,1,1,0,1,1,1,1,0,0,1,1,1
74,2020-04-03,Illinois,17,8904,1209,211,46,1,0,1,1,1,1,0,0,1,1,1,1,0,1,1,1,1,0,0,1,1,1,1,0,1,1,1,1,0,0,1,1,1
75,2020-04-04,Illinois,17,10357,1453,248,37,1,0,1,1,1,1,0,0,1,1,1,1,0,1,1,1,1,0,0,1,1,1,1,0,1,1,1,1,0,0,1,1,1
76,2020-04-05,Illinois,17,11276,919,282,34,1,0,1,1,1,1,0,0,1,1,1,1,0,1,1,1,1,0,0,1,1,1,1,0,1,1,1,1,0,0,1,1,1
77,2020-04-06,Illinois,17,12262,986,309,27,1,0,1,1,1,1,0,0,1,1,1,1,0,1,1,1,1,0,0,1,1,1,1,0,1,1,1,1,0,0,1,1,1
78,2020-04-07,Illinois,17,13549,1287,384,75,1,0,1,1,1,1,0,0,1,1,1,1,0,1,1,1,1,0,0,1,1,1,1,0,1,1,1,1,0,0,1,1,1
79,2020-04-08,Illinois,17,15078,1529,464,80,1,0,1,1,1,1,0,0,1,1,1,1,0,1,1,1,1,0,0,1,1,1,1,0,1,1,1,1,0,0,1,1,1
80,2020-04-09,Illinois,17,16422,1344,534,70,1,0,1,1,1,1,0,0,1,1,1,1,0,1,1,1,1,0,0,1,1,1,1,0,1,1,1,1,0,0,1,1,1
81,2020-04-10,Illinois,17,17887,1465,607,73,1,0,1,1,1,1,0,0,1,1,1,1,0,1,1,1,1,0,0,1,1,1,1,0,1,1,1,1,0,0,1,1,1
82,2020-04-11,Illinois,17,19180,1293,682,75,1,0,1,1,1,1,0,0,1,1,1,1,0,1,1,1,1,0,0,1,1,1,1,0,1,1,1,1,0,0,1,1,1
83,2020-04-12,Illinois,17,20852,1672,727,45,1,0,1,1,1,1,0,0,1,1,1,1,0,1,1,1,1,0,0,1,1,1,1,0,1,1,1,1,0,0,1,1,1
84,2020-04-13,Illinois,17,22025,1173,800,73,1,0,1,1,1,1,0,0,1,1,1,1,0,1,1,1,1,0,0,1,1,1,1,0,1,1,1,1,0,0,1,1,1
85,2020-04-14,Illinois,17,23247,1222,878,78,1,0,1,1,1,1,0,0,1,1,1,1,0,1,1,1,1,0,0,1,1,1,1,0,1,1,1,1,0,0,1,1,1
86,2020-04-15,Illinois,17,24593,1346,958,80,1,0,1,1,1,1,0,0,1,1,1,1,0,1,1,1,1,0,0,1,1,1,1,0,1,1,1,1,0,0,1,1,1
87,2020-04-16,Illinois,17,25734,1141,1081,123,1,0,1,1,1,1,0,0,1,1,1,1,0,1,1,1,1,0,0,1,1,1,1,0,1,1,1,1,0,0,1,1,1
88,2020-04-17,Illinois,17,27575,1841,1142,61,1,0,1,1,1,1,0,0,1,1,1,1,0,1,1,1,1,0,0,1,1,1,1,0,1,1,1,1,0,0,1,1,1
89,2020-04-18,Illinois,17,29160,1585,1272,130,1,0,1,1,1,1,0,0,1,1,1,1,0,1,1,1,1,0,0,1,1,1,1,0,1,1,1,1,0,0,1,1,1
90,2020-04-19,Illinois,17,30357,1197,1302,30,1,0,1,1,1,1,0,0,1,1,1,1,0,1,1,1,1,0,0,1,1,1,1,0,1,1,1,1,0,0,1,1,1
91,2020-04-20,Illinois,17,31508,1151,1359,57,1,0,1,1,1,1,0,0,1,1,1,1,0,1,1,1,1,0,0,1,1,1,1,0,1,1,1,1,0,0,1,1,1
92,2020-04-21,Illinois,17,33059,1551,1479,120,1,0,1,1,1,1,0,0,1,1,1,1,0,1,1,1,1,0,0,1,1,1,1,0,1,1,1,1,0,0,1,1,1
93,2020-04-22,Illinois,17,35108,2049,1577,98,1,0,1,1,1,1,0,0,1,1,1,1,0,1,1,1,1,0,0,1,1,1,1,0,1,1,1,1,0,0,1,1,1
94,2020-04-23,Illinois,17,36935,1827,1696,119,1,0,1,1,1,1,0,0,1,1,1,1,0,1,1,1,1,0,0,1,1,1,1,0,1,1,1,1,0,0,1,1,1
95,2020-04-24,Illinois,17,39658,2723,1804,108,1,0,1,1,1,1,0,0,1,1,1,1,0,1,1,1,1,0,0,1,1,1,1,0,1,1,1,1,0,0,1,1,1
96,2020-04-25,Illinois,17,41777,2119,1884,80,1,0,1,1,1,1,0,0,1,1,1,1,0,1,1,1,1,0,0,1,1,1,1,0,1,1,1,1,0,0,1,1,1
97,2020-04-26,Illinois,17,43903,2126,1943,59,1,0,1,1,1,1,0,0,1,1,1,1,0,1,1,1,1,0,0,1,1,1,1,0,1,1,1,1,0,0,1,1,1
98,2020-04-27,Illinois,17,45883,1980,1992,49,1,0,1,1,1,1,0,0,1,1,1,1,0,1,1,1,1,0,0,1,1,1,1,0,1,1,1,1,0,0,1,1,1
99,2020-04-28,Illinois,17,48102,2219,2132,140,1,0,1,1,1,1,0,0,1,1,1,1,0,1,1,1,1,0,0,1,1,1,1,0,1,1,1,1,0,0,1,1,1
100,2020-04-29,Illinois,17,50355,2253,2221,89,1,0,1,1,1,1,0,0,1,1,1,1,0,1,1,1,1,0,0,1,1,1,1,0,1,1,1,1,0,0,1,1,1
101,2020-04-30,Illinois,17,52918,2563,2361,140,1,0,1,1,1,1,0,0,1,1,1,1,0,1,1,1,1,0,0,1,1,1,1,0,1,1,1,1,0,0,1,1,1
102,2020-05-01,Illinois,17,56055,3137,2464,103,1,0,1,1,1,1,1,0,1,1,1,1,0,1,1,1,1,1,0,1,1,1,1,0,1,1,1,1,1,0,1,1,1
103,2020-05-02,Illinois,17,58505,2450,2576,112,1,0,1,1,1,1,1,0,1,1,1,1,0,1,1,1,1,1,0,1,1,1,1,0,1,1,1,1,1,0,1,1,1
104,2020-05-03,Illinois,17,61499,2994,2632,56,1,0,1,1,1,1,1,0,1,1,1,1,0,1,1,1,1,1,0,1,1,1,1,0,1,1,1,1,1,0,1,1,1
105,2020-05-04,Illinois,17,63840,2341,2673,41,1,0,1,1,1,1,1,0,1,1,1,1,0,1,1,1,1,1,0,1,1,1,1,0,1,1,1,1,1,0,1,1,1
106,2020-05-05,Illinois,17,65889,2049,2843,170,1,0,1,1,1,1,1,0,1,1,1,1,0,1,1,1,1,1,0,1,1,1,1,0,1,1,1,1,1,0,1,1,1
107,2020-05-06,Illinois,17,68164,2275,2977,134,1,0,1,1,1,1,1,0,1,1,1,1,0,1,1,1,1,1,0,1,1,1,1,0,1,1,1,1,1,0,1,1,1
108,2020-05-07,Illinois,17,70802,2638,3139,162,1,0,1,1,1,1,1,0,1,1,1,1,0,1,1,1,1,1,0,1,1,1,1,0,1,1,1,1,1,0,1,1,1
109,2020-05-08,Illinois,17,73688,2886,3262,123,1,0,1,1,1,1,1,0,1,1,1,1,0,1,1,1,1,1,0,1,1,1,1,0,1,1,1,1,1,0,1,1,1
110,2020-05-09,Illinois,17,76008,2320,3362,100,1,0,1,1,1,1,1,0,1,1,1,1,0,1,1,1,1,1,0,1,1,1,1,0,1,1,1,1,1,0,1,1,1
111,2020-05-10,Illinois,17,77662,1654,3426,64,1,0,1,1,1,1,1,0,1,1,1,1,0,1,1,1,1,1,0,1,1,1,1,0,1,1,1,1,1,0,1,1,1
112,2020-05-11,Illinois,17,79123,1461,3480,54,1,0,1,1,1,1,1,0,1,1,1,1,0,1,1,1,1,1,0,1,1,1,1,0,1,1,1,1,1,0,1,1,1
113,2020-05-12,Illinois,17,83168,4045,3617,137,1,0,1,1,1,1,1,0,1,1,1,1,0,1,1,1,1,1,0,1,1,1,1,0,1,1,1,1,1,0,1,1,1
114,2020-05-13,Illinois,17,84874,1706,3815,198,1,0,1,1,1,1,1,0,1,1,1,1,0,1,1,1,1,1,0,1,1,1,1,0,1,1,1,1,1,0,1,1,1
115,2020-05-14,Illinois,17,88081,3207,3945,130,1,0,1,1,1,1,1,0,1,1,1,1,0,1,1,1,1,1,0,1,1,1,1,0,1,1,1,1,1,0,1,1,1
116,2020-05-15,Illinois,17,90528,2447,4075,130,1,0,1,1,1,1,1,0,1,1,1,1,0,1,1,1,1,1,0,1,1,1,1,0,1,1,1,1,1,0,1,1,1
117,2020-05-16,Illinois,17,92669,2141,4149,74,1,0,1,1,1,1,1,0,1,1,1,1,0,1,1,1,1,1,0,1,1,1,1,0,1,1,1,1,1,0,1,1,1
118,2020-05-17,Illinois,17,94360,1691,4198,49,1,0,1,1,1,1,1,0,1,1,1,1,0,1,1,1,1,1,0,1,1,1,1,0,1,1,1,1,1,0,1,1,1
119,2020-05-18,Illinois,17,96778,2418,4257,59,1,0,1,1,1,1,1,0,1,1,1,1,0,1,1,1,1,1,0,1,1,1,1,0,1,1,1,1,1,0,1,1,1
120,2020-05-19,Illinois,17,98298,1520,4399,142,1,0,1,1,1,1,1,0,1,1,1,1,0,1,1,1,1,1,0,1,1,1,1,0,1,1,1,1,1,0,1,1,1
121,2020-05-20,Illinois,17,100713,2415,4547,148,1,0,1,1,1,1,1,0,1,1,1,1,0,1,1,1,1,1,0,1,1,1,1,0,1,1,1,1,1,0,1,1,1
122,2020-05-21,Illinois,17,102995,2282,4634,87,1,0,1,1,1,1,1,0,1,1,1,1,0,1,1,1,1,1,0,1,1,1,1,0,1,1,1,1,1,0,1,1,1
123,2020-05-22,Illinois,17,105710,2715,4740,106,1,0,1,1,1,1,1,0,1,1,1,1,0,1,1,1,1,1,0,1,1,1,1,0,1,1,1,1,1,0,1,1,1
124,2020-05-23,Illinois,17,108100,2390,4817,77,1,0,1,1,1,1,1,0,1,1,1,1,0,1,1,1,1,1,0,1,1,1,1,0,1,1,1,1,1,0,1,1,1
125,2020-05-24,Illinois,17,110541,2441,4884,67,1,0,1,1,1,1,1,0,1,1,1,1,0,1,1,1,1,1,0,1,1,1,1,0,1,1,1,1,1,0,1,1,1
126,2020-05-25,Illinois,17,112248,1707,4912,28,1,0,1,1,1,1,1,0,1,1,1,1,0,1,1,1,1,1,0,1,1,1,1,0,1,1,1,1,1,0,1,1,1
127,2020-05-26,Illinois,17,113486,1238,4960,48,1,0,1,1,1,1,1,0,1,1,1,1,0,1,1,1,1,1,0,1,1,1,1,0,1,1,1,1,1,0,1,1,1
128,2020-05-27,Illinois,17,114612,1126,5118,158,1,0,1,1,1,1,1,0,1,1,1,1,0,1,1,1,1,1,0,1,1,1,1,0,1,1,1,1,1,0,1,1,1
129,2020-05-28,Illinois,17,116128,1516,5225,107,1,0,1,1,1,1,1,0,1,1,1,1,0,1,1,1,1,1,0,1,1,1,1,0,1,1,1,1,1,0,1,1,1
130,2020-05-29,Illinois,17,117794,1666,5308,83,1,0,1,1,1,1,1,0,1,1,1,1,0,1,1,1,1,1,0,1,1,1,1,0,1,1,1,1,1,0,1,1,1
131,2020-05-30,Illinois,17,119290,1496,5368,60,0,0,0,1,0,0,0,0,0,0,0,0,0,0,1,0,0,0,0,0,0,0,0,0,0,1,0,0,0,0,0,0,0
132,2020-05-31,Illinois,17,120588,1298,5426,58,0,0,0,1,0,0,0,0,0,0,0,0,0,0,1,0,0,0,0,0,0,0,0,0,0,1,0,0,0,0,0,0,0
133,2020-06-01,Illinois,17,121666,1078,5458,32,0,0,0,1,0,0,0,0,0,0,0,0,0,0,1,0,0,0,0,0,0,0,0,0,0,1,0,0,0,0,0,0,0
134,2020-06-02,Illinois,17,123244,1578,5567,109,0,0,0,1,0,0,0,0,0,0,0,0,0,0,1,0,0,0,0,0,0,0,0,0,0,1,0,0,0,0,0,0,0
135,2020-06-03,Illinois,17,124279,1035,5665,98,0,0,0,1,0,0,0,0,0,0,0,0,0,0,1,0,0,0,0,0,0,0,0,0,0,1,0,0,0,0,0,0,0
136,2020-06-04,Illinois,17,125149,870,5772,107,0,0,0,1,0,0,0,0,0,0,0,0,0,0,1,0,0,0,0,0,0,0,0,0,0,1,0,0,0,0,0,0,0
137,2020-06-05,Illinois,17,126317,1168,5834,62,0,0,0,1,0,0,0,0,0,0,0,0,0,0,1,0,0,0,0,0,0,0,0,0,0,1,0,0,0,0,0,0,0
138,2020-06-06,Illinois,17,127251,934,5898,64,0,0,0,1,0,0,0,0,0,0,0,0,0,0,1,0,0,0,0,0,0,0,0,0,0,1,0,0,0,0,0,0,0
139,2020-06-07,Illinois,17,128070,819,5939,41,0,0,0,1,0,0,0,0,0,0,0,0,0,0,1,0,0,0,0,0,0,0,0,0,0,1,0,0,0,0,0,0,0
140,2020-06-08,Illinois,17,129543,1473,6142,203,0,0,0,1,0,0,0,0,0,0,0,0,0,0,1,0,0,0,0,0,0,0,0,0,0,1,0,0,0,0,0,0,0
141,2020-06-09,Illinois,17,130321,778,6237,95,0,0,0,1,0,0,0,0,0,0,0,0,0,0,1,0,0,0,0,0,0,0,0,0,0,1,0,0,0,0,0,0,0
142,2020-06-10,Illinois,17,130889,568,6302,65,0,0,0,1,0,0,0,0,0,0,0,0,0,0,1,0,0,0,0,0,0,0,0,0,0,1,0,0,0,0,0,0,0
143,2020-06-11,Illinois,17,131731,842,6388,86,0,0,0,1,0,0,0,0,0,0,0,0,0,0,1,0,0,0,0,0,0,0,0,0,0,1,0,0,0,0,0,0,0
144,2020-06-12,Illinois,17,132489,758,6469,81,0,0,0,0,0,0,0,0,0,0,0,0,0,0,0,0,0,0,0,0,0,0,0,0,0,0,0,0,0,0,0,0,0
12,2020-02-01,Massachusetts,25,1,,0,,0,0,0,0,0,0,0,0,0,0,0,0,0,0,0,0,0,0,0,0,0,0,0,0,0,0,0,0,0,0,0,0,0
13,2020-02-02,Massachusetts,25,1,0,0,0,0,0,0,0,0,0,0,0,0,0,0,0,0,0,0,0,0,0,0,0,0,0,0,0,0,0,0,0,0,0,0,0,0
14,2020-02-03,Massachusetts,25,1,0,0,0,0,0,0,0,0,0,0,0,0,0,0,0,0,0,0,0,0,0,0,0,0,0,0,0,0,0,0,0,0,0,0,0,0
15,2020-02-04,Massachusetts,25,1,0,0,0,0,0,0,0,0,0,0,0,0,0,0,0,0,0,0,0,0,0,0,0,0,0,0,0,0,0,0,0,0,0,0,0,0
16,2020-02-05,Massachusetts,25,1,0,0,0,0,0,0,0,0,0,0,0,0,0,0,0,0,0,0,0,0,0,0,0,0,0,0,0,0,0,0,0,0,0,0,0,0
17,2020-02-06,Massachusetts,25,1,0,0,0,0,0,0,0,0,0,0,0,0,0,0,0,0,0,0,0,0,0,0,0,0,0,0,0,0,0,0,0,0,0,0,0,0
18,2020-02-07,Massachusetts,25,1,0,0,0,0,0,0,0,0,0,0,0,0,0,0,0,0,0,0,0,0,0,0,0,0,0,0,0,0,0,0,0,0,0,0,0,0
19,2020-02-08,Massachusetts,25,1,0,0,0,0,0,0,0,0,0,0,0,0,0,0,0,0,0,0,0,0,0,0,0,0,0,0,0,0,0,0,0,0,0,0,0,0
20,2020-02-09,Massachusetts,25,1,0,0,0,0,0,0,0,0,0,0,0,0,0,0,0,0,0,0,0,0,0,0,0,0,0,0,0,0,0,0,0,0,0,0,0,0
21,2020-02-10,Massachusetts,25,1,0,0,0,0,0,0,0,0,0,0,0,0,0,0,0,0,0,0,0,0,0,0,0,0,0,0,0,0,0,0,0,0,0,0,0,0
22,2020-02-11,Massachusetts,25,1,0,0,0,0,0,0,0,0,0,0,0,0,0,0,0,0,0,0,0,0,0,0,0,0,0,0,0,0,0,0,0,0,0,0,0,0
23,2020-02-12,Massachusetts,25,1,0,0,0,0,0,0,0,0,0,0,0,0,0,0,0,0,0,0,0,0,0,0,0,0,0,0,0,0,0,0,0,0,0,0,0,0
24,2020-02-13,Massachusetts,25,1,0,0,0,0,0,0,0,0,0,0,0,0,0,0,0,0,0,0,0,0,0,0,0,0,0,0,0,0,0,0,0,0,0,0,0,0
25,2020-02-14,Massachusetts,25,1,0,0,0,0,0,0,0,0,0,0,0,0,0,0,0,0,0,0,0,0,0,0,0,0,0,0,0,0,0,0,0,0,0,0,0,0
26,2020-02-15,Massachusetts,25,1,0,0,0,0,0,0,0,0,0,0,0,0,0,0,0,0,0,0,0,0,0,0,0,0,0,0,0,0,0,0,0,0,0,0,0,0
27,2020-02-16,Massachusetts,25,1,0,0,0,0,0,0,0,0,0,0,0,0,0,0,0,0,0,0,0,0,0,0,0,0,0,0,0,0,0,0,0,0,0,0,0,0
28,2020-02-17,Massachusetts,25,1,0,0,0,0,0,0,0,0,0,0,0,0,0,0,0,0,0,0,0,0,0,0,0,0,0,0,0,0,0,0,0,0,0,0,0,0
29,2020-02-18,Massachusetts,25,1,0,0,0,0,0,0,0,0,0,0,0,0,0,0,0,0,0,0,0,0,0,0,0,0,0,0,0,0,0,0,0,0,0,0,0,0
30,2020-02-19,Massachusetts,25,1,0,0,0,0,0,0,0,0,0,0,0,0,0,0,0,0,0,0,0,0,0,0,0,0,0,0,0,0,0,0,0,0,0,0,0,0
31,2020-02-20,Massachusetts,25,1,0,0,0,0,0,0,0,0,0,0,0,0,0,0,0,0,0,0,0,0,0,0,0,0,0,0,0,0,0,0,0,0,0,0,0,0
32,2020-02-21,Massachusetts,25,1,0,0,0,0,0,0,0,0,0,0,0,0,0,0,0,0,0,0,0,0,0,0,0,0,0,0,0,0,0,0,0,0,0,0,0,0
33,2020-02-22,Massachusetts,25,1,0,0,0,0,0,0,0,0,0,0,0,0,0,0,0,0,0,0,0,0,0,0,0,0,0,0,0,0,0,0,0,0,0,0,0,0
34,2020-02-23,Massachusetts,25,1,0,0,0,0,0,0,0,0,0,0,0,0,0,0,0,0,0,0,0,0,0,0,0,0,0,0,0,0,0,0,0,0,0,0,0,0
35,2020-02-24,Massachusetts,25,1,0,0,0,0,0,0,0,0,0,0,0,0,0,0,0,0,0,0,0,0,0,0,0,0,0,0,0,0,0,0,0,0,0,0,0,0
36,2020-02-25,Massachusetts,25,1,0,0,0,0,0,0,0,0,0,0,0,0,0,0,0,0,0,0,0,0,0,0,0,0,0,0,0,0,0,0,0,0,0,0,0,0
37,2020-02-26,Massachusetts,25,1,0,0,0,0,0,0,0,0,0,0,0,0,0,0,0,0,0,0,0,0,0,0,0,0,0,0,0,0,0,0,0,0,0,0,0,0
38,2020-02-27,Massachusetts,25,1,0,0,0,0,0,0,0,0,0,0,0,0,0,0,0,0,0,0,0,0,0,0,0,0,0,0,0,0,0,0,0,0,0,0,0,0
39,2020-02-28,Massachusetts,25,1,0,0,0,0,0,0,0,0,0,0,0,0,0,0,0,0,0,0,0,0,0,0,0,0,0,0,0,0,0,0,0,0,0,0,0,0
40,2020-02-29,Massachusetts,25,1,0,0,0,0,0,0,0,0,0,0,0,0,0,0,0,0,0,0,0,0,0,0,0,0,0,0,0,0,0,0,0,0,0,0,0,0
41,2020-03-01,Massachusetts,25,1,0,0,0,0,0,0,0,0,0,0,0,0,0,0,0,0,0,0,0,0,0,0,0,0,0,0,0,0,0,0,0,0,0,0,0,0
42,2020-03-02,Massachusetts,25,2,1,0,0,0,0,0,0,0,0,0,0,0,0,0,0,0,0,0,0,0,0,0,0,0,0,0,0,0,0,0,0,0,0,0,0,0
43,2020-03-03,Massachusetts,25,2,0,0,0,0,0,0,0,0,0,0,0,0,0,0,0,0,0,0,0,0,0,0,0,0,0,0,0,0,0,0,0,0,0,0,0,0
44,2020-03-04,Massachusetts,25,2,0,0,0,0,0,0,0,0,0,0,0,0,0,0,0,0,0,0,0,0,0,0,0,0,0,0,0,0,0,0,0,0,0,0,0,0
45,2020-03-05,Massachusetts,25,3,1,0,0,0,0,0,0,0,0,0,0,0,0,0,0,0,0,0,0,0,0,0,0,0,0,0,0,0,0,0,0,0,0,0,0,0
46,2020-03-06,Massachusetts,25,8,5,0,0,0,0,0,0,0,0,0,0,0,0,0,0,0,0,0,0,0,0,0,0,0,0,0,0,0,0,0,0,0,0,0,0,0
47,2020-03-07,Massachusetts,25,13,5,0,0,0,0,0,0,0,0,0,0,0,0,0,0,0,0,0,0,0,0,0,0,0,0,0,0,0,0,0,0,0,0,0,0,0
48,2020-03-08,Massachusetts,25,28,15,0,0,0,0,0,0,0,0,0,0,0,0,0,0,0,0,0,0,0,0,0,0,0,0,0,0,0,0,0,0,0,0,0,0,0
49,2020-03-09,Massachusetts,25,41,13,0,0,0,0,0,0,0,0,0,0,0,0,0,0,0,0,0,0,0,0,0,0,0,0,0,0,0,0,0,0,0,0,0,0,0
50,2020-03-10,Massachusetts,25,92,51,0,0,1,0,0,0,0,0,0,0,0,0,0,1,0,0,0,0,0,0,0,0,0,0,1,0,0,0,0,0,0,0,0,0,0
51,2020-03-11,Massachusetts,25,95,3,0,0,1,0,0,0,0,0,0,0,0,0,0,1,0,0,0,0,0,0,0,0,0,0,1,0,0,0,0,0,0,0,0,0,0
52,2020-03-12,Massachusetts,25,108,13,0,0,1,0,0,0,0,0,0,0,0,0,0,1,0,0,0,0,0,0,0,0,0,0,1,0,0,0,0,0,0,0,0,0,0
53,2020-03-13,Massachusetts,25,123,15,0,0,1,0,0,1,0,0,0,0,0,0,0,1,0,0,1,0,0,0,0,0,0,0,1,0,0,1,0,0,0,0,0,0,0
54,2020-03-14,Massachusetts,25,138,15,0,0,1,0,0,1,0,0,0,0,0,0,0,1,0,0,1,0,0,0,0,0,0,0,1,0,0,1,0,0,0,0,0,0,0
55,2020-03-15,Massachusetts,25,164,26,0,0,1,0,0,1,0,0,0,0,0,0,0,1,0,0,1,0,0,0,0,0,0,0,1,0,0,1,0,0,0,0,0,0,0
56,2020-03-16,Massachusetts,25,197,33,0,0,1,0,0,1,0,0,0,0,0,0,0,1,0,0,1,0,0,0,0,0,0,0,1,0,0,1,0,0,0,0,0,0,0
57,2020-03-17,Massachusetts,25,218,21,0,0,1,0,0,1,0,0,0,0,1,1,0,1,0,0,1,0,0,0,0,1,1,0,1,0,0,1,0,0,0,0,1,1,0
58,2020-03-18,Massachusetts,25,256,38,0,0,1,0,0,1,0,0,0,0,1,1,0,1,0,0,1,0,0,0,0,1,1,0,1,0,0,1,0,0,0,0,1,1,0
59,2020-03-19,Massachusetts,25,328,72,0,0,1,0,0,1,0,0,0,0,1,1,0,1,0,0,1,0,0,0,0,1,1,0,1,0,0,1,0,0,0,0,1,1,0
60,2020-03-20,Massachusetts,25,413,85,1,1,1,0,0,1,0,0,0,0,1,1,0,1,0,0,1,0,0,0,0,1,1,0,1,0,0,1,0,0,0,0,1,1,0
61,2020-03-21,Massachusetts,25,525,112,2,1,1,0,0,1,0,0,0,0,1,1,0,1,0,0,1,0,0,0,0,1,1,0,1,0,0,1,0,0,0,0,1,1,0
62,2020-03-22,Massachusetts,25,646,121,5,3,1,0,0,1,0,0,0,0,1,1,0,1,0,0,1,0,0,0,0,1,1,0,1,0,0,1,0,0,0,0,1,1,0
63,2020-03-23,Massachusetts,25,777,131,9,4,1,0,0,1,0,0,0,0,1,1,0,1,0,0,1,0,0,0,0,1,1,0,1,0,0,1,0,0,0,0,1,1,0
64,2020-03-24,Massachusetts,25,1159,382,11,2,1,0,1,1,1,0,0,0,1,1,1,1,0,1,1,1,0,0,0,1,1,0,1,0,1,1,1,0,0,0,1,1,1
65,2020-03-25,Massachusetts,25,1838,679,15,4,1,0,1,1,1,0,0,0,1,1,1,1,0,1,1,1,0,0,0,1,1,0,1,0,1,1,1,0,0,0,1,1,1
66,2020-03-26,Massachusetts,25,2417,579,25,10,1,0,1,1,1,0,0,0,1,1,1,1,0,1,1,1,0,0,0,1,1,0,1,0,1,1,1,0,0,0,1,1,1
67,2020-03-27,Massachusetts,25,3240,823,35,10,1,0,1,1,1,0,0,1,1,1,1,1,0,1,1,1,0,0,1,1,1,0,1,0,1,1,1,0,0,1,1,1,1
68,2020-03-28,Massachusetts,25,4257,1017,44,9,1,0,1,1,1,0,0,1,1,1,1,1,0,1,1,1,0,0,1,1,1,0,1,0,1,1,1,0,0,1,1,1,1
69,2020-03-29,Massachusetts,25,4955,698,48,4,1,0,1,1,1,0,0,1,1,1,1,1,0,1,1,1,0,0,1,1,1,0,1,0,1,1,1,0,0,1,1,1,1
70,2020-03-30,Massachusetts,25,5752,797,56,8,1,0,1,1,1,0,0,1,1,1,1,1,0,1,1,1,0,0,1,1,1,0,1,0,1,1,1,0,0,1,1,1,1
71,2020-03-31,Massachusetts,25,6620,868,89,33,1,0,1,1,1,0,0,1,1,1,1,1,0,1,1,1,0,0,1,1,1,0,1,0,1,1,1,0,0,1,1,1,1
72,2020-04-01,Massachusetts,25,7738,1118,122,33,1,0,1,1,1,0,0,1,1,1,1,1,0,1,1,1,0,0,1,1,1,0,1,0,1,1,1,0,0,1,1,1,1
73,2020-04-02,Massachusetts,25,8966,1228,154,32,1,0,1,1,1,0,0,1,1,1,1,1,0,1,1,1,0,0,1,1,1,0,1,0,1,1,1,0,0,1,1,1,1
74,2020-04-03,Massachusetts,25,10402,1436,192,38,1,0,1,1,1,0,0,1,1,1,1,1,0,1,1,1,0,0,1,1,1,0,1,0,1,1,1,0,0,1,1,1,1
75,2020-04-04,Massachusetts,25,11736,1334,216,24,1,0,1,1,1,0,0,1,1,1,1,1,0,1,1,1,0,0,1,1,1,0,1,0,1,1,1,0,0,1,1,1,1
76,2020-04-05,Massachusetts,25,12500,764,231,15,1,0,1,1,1,0,0,1,1,1,1,1,0,1,1,1,0,0,1,1,1,0,1,0,1,1,1,0,0,1,1,1,1
77,2020-04-06,Massachusetts,25,13837,1337,260,29,1,0,1,1,1,0,0,1,1,1,1,1,0,1,1,1,0,0,1,1,1,0,1,0,1,1,1,0,0,1,1,1,1
78,2020-04-07,Massachusetts,25,15202,1365,356,96,1,0,1,1,1,0,0,1,1,1,1,1,0,1,1,1,0,0,1,1,1,0,1,0,1,1,1,0,0,1,1,1,1
79,2020-04-08,Massachusetts,25,16790,1588,433,77,1,0,1,1,1,0,0,1,1,1,1,1,0,1,1,1,0,0,1,1,1,0,1,0,1,1,1,0,0,1,1,1,1
80,2020-04-09,Massachusetts,25,18941,2151,503,70,1,0,1,1,1,0,0,1,1,1,1,1,0,1,1,1,0,0,1,1,1,0,1,0,1,1,1,0,0,1,1,1,1
81,2020-04-10,Massachusetts,25,20974,2033,599,96,1,0,1,1,1,0,0,1,1,1,1,1,0,1,1,1,0,0,1,1,1,0,1,0,1,1,1,0,0,1,1,1,1
82,2020-04-11,Massachusetts,25,22860,1886,686,87,1,0,1,1,1,0,0,1,1,1,1,1,0,1,1,1,0,0,1,1,1,0,1,0,1,1,1,0,0,1,1,1,1
83,2020-04-12,Massachusetts,25,25475,2615,756,70,1,0,1,1,1,0,0,1,1,1,1,1,0,1,1,1,0,0,1,1,1,0,1,0,1,1,1,0,0,1,1,1,1
84,2020-04-13,Massachusetts,25,26867,1392,844,88,1,0,1,1,1,0,0,1,1,1,1,1,0,1,1,1,0,0,1,1,1,0,1,0,1,1,1,0,0,1,1,1,1
85,2020-04-14,Massachusetts,25,28163,1296,957,113,1,0,1,1,1,0,0,1,1,1,1,1,0,1,1,1,0,0,1,1,1,0,1,0,1,1,1,0,0,1,1,1,1
86,2020-04-15,Massachusetts,25,29918,1755,1108,151,1,0,1,1,1,0,0,1,1,1,1,1,0,1,1,1,0,0,1,1,1,0,1,0,1,1,1,0,0,1,1,1,1
87,2020-04-16,Massachusetts,25,32181,2263,1245,137,1,0,1,1,1,0,0,1,1,1,1,1,0,1,1,1,0,0,1,1,1,0,1,0,1,1,1,0,0,1,1,1,1
88,2020-04-17,Massachusetts,25,34402,2221,1404,159,1,0,1,1,1,0,0,1,1,1,1,1,0,1,1,1,0,0,1,1,1,0,1,0,1,1,1,0,0,1,1,1,1
89,2020-04-18,Massachusetts,25,36372,1970,1560,156,1,0,1,1,1,0,0,1,1,1,1,1,0,1,1,1,0,0,1,1,1,0,1,0,1,1,1,0,0,1,1,1,1
90,2020-04-19,Massachusetts,25,38077,1705,1706,146,1,0,1,1,1,0,0,1,1,1,1,1,0,1,1,1,0,0,1,1,1,0,1,0,1,1,1,0,0,1,1,1,1
91,2020-04-20,Massachusetts,25,39643,1566,1809,103,1,0,1,1,1,0,0,1,1,1,1,1,0,1,1,1,0,0,1,1,1,0,1,0,1,1,1,0,0,1,1,1,1
92,2020-04-21,Massachusetts,25,41199,1556,1961,152,1,0,1,1,1,0,0,1,1,1,1,1,0,1,1,1,0,0,1,1,1,0,1,0,1,1,1,0,0,1,1,1,1
93,2020-04-22,Massachusetts,25,42944,1745,2182,221,1,0,1,1,1,0,0,1,1,1,1,1,0,1,1,1,0,0,1,1,1,0,1,0,1,1,1,0,0,1,1,1,1
94,2020-04-23,Massachusetts,25,46023,3079,2360,178,1,0,1,1,1,0,0,1,1,1,1,1,0,1,1,1,0,0,1,1,1,0,1,0,1,1,1,0,0,1,1,1,1
95,2020-04-24,Massachusetts,25,50969,4946,2556,196,1,0,1,1,1,0,0,1,1,1,1,1,0,1,1,1,0,0,1,1,1,0,1,0,1,1,1,0,0,1,1,1,1
96,2020-04-25,Massachusetts,25,53348,2379,2730,174,1,0,1,1,1,0,0,1,1,1,1,1,0,1,1,1,0,0,1,1,1,0,1,0,1,1,1,0,0,1,1,1,1
97,2020-04-26,Massachusetts,25,54938,1590,2899,169,1,0,1,1,1,0,0,1,1,1,1,1,0,1,1,1,0,0,1,1,1,0,1,0,1,1,1,0,0,1,1,1,1
98,2020-04-27,Massachusetts,25,56462,1524,3003,104,1,0,1,1,1,0,0,1,1,1,1,1,0,1,1,1,0,0,1,1,1,0,1,0,1,1,1,0,0,1,1,1,1
99,2020-04-28,Massachusetts,25,58302,1840,3153,150,1,0,1,1,1,0,0,1,1,1,1,1,0,1,1,1,0,0,1,1,1,0,1,0,1,1,1,0,0,1,1,1,1
100,2020-04-29,Massachusetts,25,60265,1963,3405,252,1,0,1,1,1,0,0,1,1,1,1,1,0,1,1,1,0,0,1,1,1,0,1,0,1,1,1,0,0,1,1,1,1
101,2020-04-30,Massachusetts,25,62205,1940,3562,157,1,0,1,1,1,0,0,1,1,1,1,1,0,1,1,1,0,0,1,1,1,0,1,0,1,1,1,0,0,1,1,1,1
102,2020-05-01,Massachusetts,25,64311,2106,3716,154,1,0,1,1,1,0,0,1,1,1,1,1,0,1,1,1,0,0,1,1,1,0,1,0,1,1,1,0,0,1,1,1,1
103,2020-05-02,Massachusetts,25,66263,1952,3846,130,1,0,1,1,1,0,0,1,1,1,1,1,0,1,1,1,0,0,1,1,1,0,1,0,1,1,1,0,0,1,1,1,1
104,2020-05-03,Massachusetts,25,68087,1824,4004,158,1,0,1,1,1,0,0,1,1,1,1,1,0,1,1,1,0,0,1,1,1,0,1,0,1,1,1,0,0,1,1,1,1
105,2020-05-04,Massachusetts,25,69087,1000,4090,86,1,0,1,1,1,0,0,1,1,1,1,1,0,1,1,1,0,0,1,1,1,0,1,0,1,1,1,0,0,1,1,1,1
106,2020-05-05,Massachusetts,25,70271,1184,4212,122,1,0,1,1,1,0,0,1,1,1,1,1,0,1,1,1,0,0,1,1,1,0,1,0,1,1,1,0,0,1,1,1,1
107,2020-05-06,Massachusetts,25,72025,1754,4420,208,1,0,1,1,1,0,1,1,1,1,1,1,0,1,1,1,0,1,1,1,1,0,1,0,1,1,1,0,1,1,1,1,1
108,2020-05-07,Massachusetts,25,73721,1696,4552,132,1,0,1,1,1,0,1,1,1,1,1,1,0,1,1,1,0,1,1,1,1,0,1,0,1,1,1,0,1,1,1,1,1
109,2020-05-08,Massachusetts,25,75333,1612,4702,150,1,0,1,1,1,0,1,1,1,1,1,1,0,1,1,1,0,1,1,1,1,0,1,0,1,1,1,0,1,1,1,1,1
110,2020-05-09,Massachusetts,25,76743,1410,4840,138,1,0,1,1,1,0,1,1,1,1,1,1,0,1,1,1,0,1,1,1,1,0,1,0,1,1,1,0,1,1,1,1,1
111,2020-05-10,Massachusetts,25,77793,1050,4979,139,1,0,1,1,1,0,1,1,1,1,1,1,0,1,1,1,0,1,1,1,1,0,1,0,1,1,1,0,1,1,1,1,1
112,2020-05-11,Massachusetts,25,78462,669,5108,129,1,0,1,1,1,0,1,1,1,1,1,1,0,1,1,1,0,1,1,1,1,0,1,0,1,1,1,0,1,1,1,1,1
113,2020-05-12,Massachusetts,25,79332,870,5141,33,1,0,1,1,1,0,1,1,1,1,1,1,0,1,1,1,0,1,1,1,1,0,1,0,1,1,1,0,1,1,1,1,1
114,2020-05-13,Massachusetts,25,80497,1165,5315,174,1,0,1,1,1,0,1,1,1,1,1,1,0,1,1,1,0,1,1,1,1,0,1,0,1,1,1,0,1,1,1,1,1
115,2020-05-14,Massachusetts,25,82182,1685,5482,167,1,0,1,1,1,0,1,1,1,1,1,1,0,1,1,1,0,1,1,1,1,0,1,0,1,1,1,0,1,1,1,1,1
116,2020-05-15,Massachusetts,25,83421,1239,5592,110,1,0,1,1,1,0,1,1,1,1,1,1,0,1,1,1,0,1,1,1,1,0,1,0,1,1,1,0,1,1,1,1,1
117,2020-05-16,Massachusetts,25,84933,1512,5705,113,1,0,1,1,1,0,1,1,1,1,1,1,0,1,1,1,0,1,1,1,1,0,1,0,1,1,1,0,1,1,1,1,1
118,2020-05-17,Massachusetts,25,86010,1077,5797,92,1,0,1,1,1,0,1,1,1,1,1,1,0,1,1,1,0,1,1,1,1,0,1,0,1,1,1,0,1,1,1,1,1
119,2020-05-18,Massachusetts,25,87052,1042,5862,65,1,0,1,1,1,0,1,1,1,1,1,1,0,1,1,1,0,1,1,1,1,0,1,0,1,1,1,0,1,1,1,1,1
120,2020-05-19,Massachusetts,25,87925,873,5938,76,1,0,1,1,1,0,1,1,1,1,1,1,0,1,1,1,0,1,1,1,1,0,1,0,1,1,1,0,1,1,1,1,1
121,2020-05-20,Massachusetts,25,88970,1045,6066,128,1,0,1,1,1,0,1,1,1,1,1,1,0,1,1,1,0,1,1,1,1,0,1,0,1,1,1,0,1,1,1,1,1
122,2020-05-21,Massachusetts,25,90084,1114,6148,82,1,0,1,1,1,0,1,1,1,1,1,1,0,1,1,1,0,1,1,1,1,0,1,0,1,1,1,0,1,1,1,1,1
123,2020-05-22,Massachusetts,25,90889,805,6228,80,1,0,1,1,1,0,1,1,1,1,1,1,0,1,1,1,0,1,1,1,1,0,1,0,1,1,1,0,1,1,1,1,1
124,2020-05-23,Massachusetts,25,91662,773,6304,76,1,0,1,1,1,0,1,1,1,1,1,1,0,1,1,1,0,1,1,1,1,0,1,0,1,1,1,0,1,1,1,1,1
125,2020-05-24,Massachusetts,25,92675,1013,6372,68,1,0,1,1,1,0,1,1,1,1,1,1,0,1,1,1,0,1,1,1,1,0,1,0,1,1,1,0,1,1,1,1,1
126,2020-05-25,Massachusetts,25,93271,596,6416,44,1,0,1,1,1,0,1,1,1,1,1,1,0,1,1,1,0,1,1,1,1,0,1,0,1,1,1,0,1,1,1,1,1
127,2020-05-26,Massachusetts,25,93693,422,6473,57,1,0,1,1,1,0,1,1,1,1,1,1,0,1,1,1,0,1,1,1,1,0,1,0,1,1,1,0,1,1,1,1,1
128,2020-05-27,Massachusetts,25,94220,527,6547,74,1,0,1,1,1,0,1,1,1,1,1,1,0,1,1,1,0,1,1,1,1,0,1,0,1,1,1,0,1,1,1,1,1
129,2020-05-28,Massachusetts,25,94895,675,6640,93,1,0,1,1,1,0,1,1,1,1,1,1,0,1,1,1,0,1,1,1,1,0,1,0,1,1,1,0,1,1,1,1,1
130,2020-05-29,Massachusetts,25,95512,617,6718,78,1,0,1,1,1,0,1,1,1,1,1,1,0,1,1,1,0,1,1,1,1,0,1,0,1,1,1,0,1,1,1,1,1
131,2020-05-30,Massachusetts,25,96301,789,6768,50,1,0,1,1,1,0,1,1,1,1,1,1,0,1,1,1,0,1,1,1,1,0,1,0,1,1,1,0,1,1,1,1,1
132,2020-05-31,Massachusetts,25,96965,664,6846,78,1,0,1,1,1,0,1,1,1,1,1,1,0,1,1,1,0,1,1,1,1,0,1,0,1,1,1,0,1,1,1,1,1
133,2020-06-01,Massachusetts,25,100805,3840,7035,189,1,0,1,1,1,0,1,1,1,1,1,1,0,1,1,1,0,1,1,1,1,0,1,0,1,1,1,0,1,1,1,1,1
134,2020-06-02,Massachusetts,25,101163,358,7085,50,1,0,1,1,1,0,1,1,1,1,1,1,0,1,1,1,0,1,1,1,1,0,1,0,1,1,1,0,1,1,1,1,1
135,2020-06-03,Massachusetts,25,101592,429,7152,67,1,0,1,1,1,0,1,1,1,1,1,1,0,1,1,1,0,1,1,1,1,0,1,0,1,1,1,0,1,1,1,1,1
136,2020-06-04,Massachusetts,25,102063,471,7201,49,1,0,1,1,1,0,1,1,1,1,1,1,0,1,1,1,0,1,1,1,1,0,1,0,1,1,1,0,1,1,1,1,1
137,2020-06-05,Massachusetts,25,102557,494,7235,34,1,0,1,1,1,0,1,1,1,1,1,1,0,1,1,1,0,1,1,1,1,0,1,0,1,1,1,0,1,1,1,1,1
138,2020-06-06,Massachusetts,25,103132,575,7289,54,1,0,1,1,1,0,1,1,1,1,1,1,0,1,1,1,0,1,1,1,1,0,1,0,1,1,1,0,1,1,1,1,1
139,2020-06-07,Massachusetts,25,103436,304,7316,27,1,0,1,1,1,0,1,1,1,1,1,1,0,1,1,1,0,1,1,1,1,0,1,0,1,1,1,0,1,1,1,1,1
140,2020-06-08,Massachusetts,25,103626,190,7353,37,1,0,1,1,1,0,1,1,1,1,1,1,0,1,1,1,0,1,1,1,1,0,1,0,1,1,1,0,1,1,1,1,1
141,2020-06-09,Massachusetts,25,103889,263,7408,55,1,0,1,1,1,0,1,1,1,1,1,1,0,1,1,1,0,1,1,1,1,0,1,0,1,1,1,0,1,1,1,1,1
142,2020-06-10,Massachusetts,25,104156,267,7454,46,1,0,1,1,1,0,1,1,1,1,1,1,0,1,1,1,0,1,1,1,1,0,1,0,1,1,1,0,1,1,1,1,1
143,2020-06-11,Massachusetts,25,104667,511,7492,38,1,0,1,1,1,0,1,1,1,1,1,1,0,1,1,1,0,1,1,1,1,0,1,0,1,1,1,0,1,1,1,1,1
144,2020-06-12,Massachusetts,25,105059,392,7538,46,0,0,0,0,0,0,0,0,0,0,0,0,0,0,0,0,0,0,0,0,0,0,0,0,0,0,0,0,0,0,0,0,0
44,2020-03-04,New Jersey,34,1,,0,,0,0,0,0,0,0,0,0,0,0,0,0,0,0,0,0,0,0,0,0,0,0,0,0,0,0,0,0,0,0,0,0,0
45,2020-03-05,New Jersey,34,2,1,0,0,0,0,0,0,0,0,0,0,0,0,0,0,0,0,0,0,0,0,0,0,0,0,0,0,0,0,0,0,0,0,0,0,0
46,2020-03-06,New Jersey,34,4,2,0,0,0,0,0,0,0,0,0,0,0,0,0,0,0,0,0,0,0,0,0,0,0,0,0,0,0,0,0,0,0,0,0,0,0
47,2020-03-07,New Jersey,34,4,0,0,0,0,0,0,0,0,0,0,0,0,0,0,0,0,0,0,0,0,0,0,0,0,0,0,0,0,0,0,0,0,0,0,0,0
48,2020-03-08,New Jersey,34,6,2,0,0,0,0,0,0,0,0,0,0,0,0,0,0,0,0,0,0,0,0,0,0,0,0,0,0,0,0,0,0,0,0,0,0,0
49,2020-03-09,New Jersey,34,11,5,0,0,1,0,0,0,0,0,0,0,0,0,0,1,0,0,0,0,0,0,0,0,0,0,1,0,0,0,0,0,0,0,0,0,0
50,2020-03-10,New Jersey,34,15,4,1,1,1,0,0,0,0,0,0,0,0,0,0,1,0,0,0,0,0,0,0,0,0,0,1,0,0,0,0,0,0,0,0,0,0
51,2020-03-11,New Jersey,34,23,8,1,0,1,0,0,0,0,0,0,0,0,0,0,1,0,0,0,0,0,0,0,0,0,0,1,0,0,0,0,0,0,0,0,0,0
52,2020-03-12,New Jersey,34,29,6,1,0,1,1,0,0,0,0,0,0,0,0,0,1,0,0,0,0,0,0,0,0,0,0,1,1,0,0,0,0,0,0,0,0,0
53,2020-03-13,New Jersey,34,50,21,1,0,1,1,0,0,0,0,0,0,0,0,0,1,0,0,0,0,0,0,0,0,0,0,1,1,0,0,0,0,0,0,0,0,0
54,2020-03-14,New Jersey,34,75,25,2,1,1,1,0,0,0,0,0,0,0,0,0,1,0,0,0,0,0,0,0,0,0,0,1,1,0,0,0,0,0,0,0,0,0
55,2020-03-15,New Jersey,34,98,23,2,0,1,1,0,0,0,0,0,0,0,0,0,1,0,0,0,0,0,0,0,0,0,0,1,1,0,0,0,0,0,0,0,0,0
56,2020-03-16,New Jersey,34,176,78,3,1,1,1,0,1,0,1,0,0,1,0,0,1,0,0,1,0,1,0,0,1,0,0,1,1,0,1,0,1,0,0,1,0,0
57,2020-03-17,New Jersey,34,268,92,3,0,1,1,0,1,0,1,0,0,1,0,0,1,0,0,1,0,1,0,0,1,0,0,1,1,0,1,0,1,0,0,1,0,0
58,2020-03-18,New Jersey,34,427,159,5,2,1,1,0,1,0,1,0,0,1,1,0,1,0,0,1,0,1,0,0,1,1,0,1,1,0,1,0,1,0,0,1,1,0
59,2020-03-19,New Jersey,34,735,308,9,4,1,1,0,1,0,1,0,0,1,1,0,1,0,0,1,0,1,0,0,1,1,0,1,1,0,1,0,1,0,0,1,1,0
60,2020-03-20,New Jersey,34,896,161,11,2,1,1,0,1,0,1,0,0,1,1,0,1,0,0,1,0,1,0,0,1,1,0,1,1,0,1,0,1,0,0,1,1,0
61,2020-03-21,New Jersey,34,1336,440,16,5,1,1,0,1,1,1,0,0,1,1,1,1,0,0,1,1,1,0,0,1,1,1,1,1,0,1,1,1,0,0,1,1,1
62,2020-03-22,New Jersey,34,1914,578,20,4,1,1,0,1,1,1,0,0,1,1,1,1,0,0,1,1,1,0,0,1,1,1,1,1,0,1,1,1,0,0,1,1,1
63,2020-03-23,New Jersey,34,2844,930,27,7,1,1,0,1,1,1,0,0,1,1,1,1,0,0,1,1,1,0,0,1,1,1,1,1,0,1,1,1,0,0,1,1,1
64,2020-03-24,New Jersey,34,3675,831,44,17,1,1,0,1,1,1,0,0,1,1,1,1,0,0,1,1,1,0,0,1,1,1,1,1,0,1,1,1,0,0,1,1,1
65,2020-03-25,New Jersey,34,4402,727,62,18,1,1,0,1,1,1,0,0,1,1,1,1,0,0,1,1,1,0,0,1,1,1,1,1,0,1,1,1,0,0,1,1,1
66,2020-03-26,New Jersey,34,6876,2474,81,19,1,1,0,1,1,1,0,0,1,1,1,1,0,0,1,1,1,0,0,1,1,1,1,1,0,1,1,1,0,0,1,1,1
67,2020-03-27,New Jersey,34,8825,1949,108,27,1,1,0,1,1,1,0,0,1,1,1,1,0,0,1,1,1,0,0,1,1,1,1,1,0,1,1,1,0,0,1,1,1
68,2020-03-28,New Jersey,34,11124,2299,140,32,1,1,0,1,1,1,0,0,1,1,1,1,0,0,1,1,1,0,0,1,1,1,1,1,0,1,1,1,0,0,1,1,1
69,2020-03-29,New Jersey,34,13386,2262,161,21,1,1,0,1,1,1,0,0,1,1,1,1,0,0,1,1,1,0,0,1,1,1,1,1,0,1,1,1,0,0,1,1,1
70,2020-03-30,New Jersey,34,16636,3250,199,38,1,1,0,1,1,1,0,0,1,1,1,1,0,0,1,1,1,0,0,1,1,1,1,1,0,1,1,1,0,0,1,1,1
71,2020-03-31,New Jersey,34,18696,2060,267,68,1,1,0,1,1,1,0,0,1,1,1,1,0,0,1,1,1,0,0,1,1,1,1,1,0,1,1,1,0,0,1,1,1
72,2020-04-01,New Jersey,34,22255,3559,355,88,1,1,0,1,1,1,0,0,1,1,1,1,0,0,1,1,1,0,0,1,1,1,1,1,0,1,1,1,0,0,1,1,1
73,2020-04-02,New Jersey,34,25590,3335,539,184,1,1,0,1,1,1,0,0,1,1,1,1,0,0,1,1,1,0,0,1,1,1,1,1,0,1,1,1,0,0,1,1,1
74,2020-04-03,New Jersey,34,29895,4305,647,108,1,1,0,1,1,1,0,0,1,1,1,1,0,0,1,1,1,0,0,1,1,1,1,1,0,1,1,1,0,0,1,1,1
75,2020-04-04,New Jersey,34,34124,4229,847,200,1,1,0,1,1,1,0,0,1,1,1,1,0,0,1,1,1,0,0,1,1,1,1,1,0,1,1,1,0,0,1,1,1
76,2020-04-05,New Jersey,34,37505,3381,917,70,1,1,0,1,1,1,0,0,1,1,1,1,0,0,1,1,1,0,0,1,1,1,1,1,0,1,1,1,0,0,1,1,1
77,2020-04-06,New Jersey,34,41090,3585,1005,88,1,1,0,1,1,1,0,0,1,1,1,1,0,0,1,1,1,0,0,1,1,1,1,1,0,1,1,1,0,0,1,1,1
78,2020-04-07,New Jersey,34,44416,3326,1232,227,1,1,0,1,1,1,0,0,1,1,1,1,0,0,1,1,1,0,0,1,1,1,1,1,0,1,1,1,0,0,1,1,1
79,2020-04-08,New Jersey,34,47437,3021,1504,272,1,1,0,1,1,1,0,0,1,1,1,1,0,0,1,1,1,0,0,1,1,1,1,1,0,1,1,1,0,0,1,1,1
80,2020-04-09,New Jersey,34,51027,3590,1700,196,1,1,0,1,1,1,0,0,1,1,1,1,0,0,1,1,1,0,0,1,1,1,1,1,0,1,1,1,0,0,1,1,1
81,2020-04-10,New Jersey,34,54588,3561,1932,232,1,1,0,1,1,1,0,0,1,1,1,1,0,0,1,1,1,0,0,1,1,1,1,1,0,1,1,1,0,0,1,1,1
82,2020-04-11,New Jersey,34,58151,3563,2183,251,1,1,0,1,1,1,0,0,1,1,1,1,0,0,1,1,1,0,0,1,1,1,1,1,0,1,1,1,0,0,1,1,1
83,2020-04-12,New Jersey,34,61850,3699,2350,167,1,1,0,1,1,1,0,0,1,1,1,1,0,0,1,1,1,0,0,1,1,1,1,1,0,1,1,1,0,0,1,1,1
84,2020-04-13,New Jersey,34,64584,2734,2443,93,1,1,0,1,1,1,1,0,1,1,1,1,0,0,1,1,1,1,0,1,1,1,1,1,0,1,1,1,1,0,1,1,1
85,2020-04-14,New Jersey,34,68824,4240,2805,362,1,1,0,1,1,1,1,0,1,1,1,1,0,0,1,1,1,1,0,1,1,1,1,1,0,1,1,1,1,0,1,1,1
86,2020-04-15,New Jersey,34,71030,2206,3156,351,1,1,0,1,1,1,1,0,1,1,1,1,0,0,1,1,1,1,0,1,1,1,1,1,0,1,1,1,1,0,1,1,1
87,2020-04-16,New Jersey,34,75317,4287,3518,362,1,1,0,1,1,1,1,0,1,1,1,1,0,0,1,1,1,1,0,1,1,1,1,1,0,1,1,1,1,0,1,1,1
88,2020-04-17,New Jersey,34,78467,3150,3840,322,1,1,0,1,1,1,1,0,1,1,1,1,0,0,1,1,1,1,0,1,1,1,1,1,0,1,1,1,1,0,1,1,1
89,2020-04-18,New Jersey,34,81420,2953,4070,230,1,1,0,1,1,1,1,0,1,1,1,1,0,0,1,1,1,1,0,1,1,1,1,1,0,1,1,1,1,0,1,1,1
90,2020-04-19,New Jersey,34,85301,3881,4202,132,1,1,0,1,1,1,1,0,1,1,1,1,0,0,1,1,1,1,0,1,1,1,1,1,0,1,1,1,1,0,1,1,1
91,2020-04-20,New Jersey,34,88806,3505,4377,175,1,1,0,1,1,1,1,0,1,1,1,1,0,0,1,1,1,1,0,1,1,1,1,1,0,1,1,1,1,0,1,1,1
92,2020-04-21,New Jersey,34,92387,3581,4753,376,1,1,0,1,1,1,1,0,1,1,1,1,0,0,1,1,1,1,0,1,1,1,1,1,0,1,1,1,1,0,1,1,1
93,2020-04-22,New Jersey,34,95865,3478,5063,310,1,1,0,1,1,1,1,0,1,1,1,1,0,0,1,1,1,1,0,1,1,1,1,1,0,1,1,1,1,0,1,1,1
94,2020-04-23,New Jersey,34,99989,4124,5368,305,1,1,0,1,1,1,1,0,1,1,1,1,0,0,1,1,1,1,0,1,1,1,1,1,0,1,1,1,1,0,1,1,1
95,2020-04-24,New Jersey,34,102196,2207,5617,249,1,1,0,1,1,1,1,0,1,1,1,1,0,0,1,1,1,1,0,1,1,1,1,1,0,1,1,1,1,0,1,1,1
96,2020-04-25,New Jersey,34,105523,3327,5863,246,1,1,0,1,1,1,1,0,1,1,1,1,0,0,1,1,1,1,0,1,1,1,1,1,0,1,1,1,1,0,1,1,1
97,2020-04-26,New Jersey,34,109038,3515,5938,75,1,1,0,1,1,1,1,0,1,1,1,1,0,0,1,1,1,1,0,1,1,1,1,1,0,1,1,1,1,0,1,1,1
98,2020-04-27,New Jersey,34,111188,2150,6044,106,1,1,0,1,1,1,1,0,1,1,1,1,0,0,1,1,1,1,0,1,1,1,1,1,0,1,1,1,1,0,1,1,1
99,2020-04-28,New Jersey,34,113856,2668,6442,398,1,1,0,1,1,1,1,0,1,1,1,1,0,0,1,1,1,1,0,1,1,1,1,1,0,1,1,1,1,0,1,1,1
100,2020-04-29,New Jersey,34,116264,2408,6770,328,1,1,0,1,1,1,1,0,1,1,1,1,0,0,1,1,1,1,0,1,1,1,1,1,0,1,1,1,1,0,1,1,1
101,2020-04-30,New Jersey,34,118652,2388,7228,458,1,1,0,1,1,1,1,0,1,1,1,1,0,0,1,1,1,1,0,1,1,1,1,1,0,1,1,1,1,0,1,1,1
102,2020-05-01,New Jersey,34,121190,2538,7538,310,1,1,0,1,1,1,1,0,1,1,1,1,0,0,1,1,1,1,0,1,1,1,1,1,0,1,1,1,1,0,1,1,1
103,2020-05-02,New Jersey,34,123717,2527,7742,204,1,1,0,1,1,1,1,0,1,1,1,1,0,0,1,1,1,1,0,1,1,1,1,1,0,1,1,1,1,0,1,1,1
104,2020-05-03,New Jersey,34,126744,3027,7871,129,1,1,0,1,1,1,1,0,1,1,1,1,0,0,1,1,1,1,0,1,1,1,1,1,0,1,1,1,1,0,1,1,1
105,2020-05-04,New Jersey,34,128269,1525,7910,39,1,1,0,1,1,1,1,0,1,1,1,1,0,0,1,1,1,1,0,1,1,1,1,1,0,1,1,1,1,0,1,1,1
106,2020-05-05,New Jersey,34,130593,2324,8244,334,1,1,0,1,1,1,1,0,1,1,1,1,0,0,1,1,1,1,0,1,1,1,1,1,0,1,1,1,1,0,1,1,1
107,2020-05-06,New Jersey,34,131890,1297,8549,305,1,1,0,1,1,1,1,0,1,1,1,1,0,0,1,1,1,1,0,1,1,1,1,1,0,1,1,1,1,0,1,1,1
108,2020-05-07,New Jersey,34,133635,1745,8801,252,1,1,0,1,1,1,1,0,1,1,1,1,0,0,1,1,1,1,0,1,1,1,1,1,0,1,1,1,1,0,1,1,1
109,2020-05-08,New Jersey,34,135454,1819,8952,151,1,1,0,1,1,1,1,0,1,1,1,1,0,0,1,1,1,1,0,1,1,1,1,1,0,1,1,1,1,0,1,1,1
110,2020-05-09,New Jersey,34,137085,1631,9116,164,1,1,0,1,1,1,1,0,1,1,1,1,0,0,1,1,1,1,0,1,1,1,1,1,0,1,1,1,1,0,1,1,1
111,2020-05-10,New Jersey,34,138532,1447,9255,139,1,1,0,1,1,1,1,0,1,1,1,1,0,0,1,1,1,1,0,1,1,1,1,1,0,1,1,1,1,0,1,1,1
112,2020-05-11,New Jersey,34,139945,1413,9310,55,1,1,0,1,1,1,1,0,1,1,1,1,0,0,1,1,1,1,0,1,1,1,1,1,0,1,1,1,1,0,1,1,1
113,2020-05-12,New Jersey,34,140743,798,9508,198,1,1,0,1,1,1,1,0,1,1,1,1,0,0,1,1,1,1,0,1,1,1,1,1,0,1,1,1,1,0,1,1,1
114,2020-05-13,New Jersey,34,141560,817,9702,194,1,1,1,1,1,1,1,0,1,1,1,1,0,1,1,1,1,1,0,1,1,1,1,1,1,1,1,1,1,0,1,1,1
115,2020-05-14,New Jersey,34,142704,1144,9946,244,1,1,1,1,1,1,1,0,1,1,1,1,0,1,1,1,1,1,0,1,1,1,1,1,1,1,1,1,1,0,1,1,1
116,2020-05-15,New Jersey,34,143905,1201,10138,192,1,1,1,1,1,1,1,0,1,1,1,1,0,1,1,1,1,1,0,1,1,1,1,1,1,1,1,1,1,0,1,1,1
117,2020-05-16,New Jersey,34,145089,1184,10249,111,1,1,1,1,1,1,1,0,1,1,1,1,0,1,1,1,1,1,0,1,1,1,1,1,1,1,1,1,1,0,1,1,1
118,2020-05-17,New Jersey,34,146334,1245,10356,107,1,1,1,1,1,1,1,0,1,1,1,1,0,1,1,1,1,1,0,1,1,1,1,1,1,1,1,1,1,0,1,1,1
119,2020-05-18,New Jersey,34,148039,1705,10435,79,1,1,1,1,1,1,1,0,1,1,1,1,0,1,1,1,1,1,0,1,1,1,1,1,1,1,1,1,1,0,1,1,1
120,2020-05-19,New Jersey,34,149013,974,10586,151,1,1,1,1,1,1,1,0,1,1,1,1,0,1,1,1,1,1,0,1,1,1,1,1,1,1,1,1,1,0,1,1,1
121,2020-05-20,New Jersey,34,150399,1386,10747,161,1,1,1,1,1,1,1,0,1,1,1,1,0,1,1,1,1,1,0,1,1,1,1,1,1,1,1,1,1,0,1,1,1
122,2020-05-21,New Jersey,34,151472,1073,10843,96,1,1,1,1,1,1,1,0,1,1,1,1,0,1,1,1,1,1,0,1,1,1,1,1,1,1,1,1,1,0,1,1,1
123,2020-05-22,New Jersey,34,152719,1247,10985,142,1,1,1,1,1,1,1,0,1,1,1,1,0,1,1,1,1,1,0,1,1,1,1,1,1,1,1,1,1,0,1,1,1
124,2020-05-23,New Jersey,34,153104,385,11081,96,1,1,1,1,1,1,1,0,1,1,1,1,0,1,1,1,1,1,0,1,1,1,1,1,1,1,1,1,1,0,1,1,1
125,2020-05-24,New Jersey,34,154154,1050,11133,52,1,1,1,1,1,1,1,0,1,1,1,1,0,1,1,1,1,1,0,1,1,1,1,1,1,1,1,1,1,0,1,1,1
126,2020-05-25,New Jersey,34,155092,938,11144,11,1,1,1,1,1,1,1,0,1,1,1,1,0,1,1,1,1,1,0,1,1,1,1,1,1,1,1,1,1,0,1,1,1
127,2020-05-26,New Jersey,34,155764,672,11191,47,1,1,1,1,1,1,1,0,1,1,1,1,0,1,1,1,1,1,0,1,1,1,1,1,1,1,1,1,1,0,1,1,1
128,2020-05-27,New Jersey,34,156628,864,11339,148,1,1,1,1,1,1,1,0,1,1,1,1,0,1,1,1,1,1,0,1,1,1,1,1,1,1,1,1,1,0,1,1,1
129,2020-05-28,New Jersey,34,157815,1187,11401,62,1,1,1,1,1,1,1,0,1,1,1,1,0,1,1,1,1,1,0,1,1,1,1,1,1,1,1,1,1,0,1,1,1
130,2020-05-29,New Jersey,34,158844,1029,11531,130,1,1,1,1,1,1,1,0,1,1,1,1,0,1,1,1,1,1,0,1,1,1,1,1,1,1,1,1,1,0,1,1,1
131,2020-05-30,New Jersey,34,159608,764,11634,103,1,1,1,1,1,1,1,0,1,1,1,1,0,1,1,1,1,1,0,1,1,1,1,1,1,1,1,1,1,0,1,1,1
132,2020-05-31,New Jersey,34,160445,837,11698,64,1,1,1,1,1,1,1,0,1,1,1,1,0,1,1,1,1,1,0,1,1,1,1,1,1,1,1,1,1,0,1,1,1
133,2020-06-01,New Jersey,34,160918,473,11721,23,1,1,1,1,1,1,1,0,1,1,1,1,0,1,1,1,1,1,0,1,1,1,1,1,1,1,1,1,1,0,1,1,1
134,2020-06-02,New Jersey,34,161545,627,11770,49,1,1,1,1,1,1,1,0,1,1,1,1,0,1,1,1,1,1,0,1,1,1,1,1,1,1,1,1,1,0,1,1,1
135,2020-06-03,New Jersey,34,162068,523,11880,110,1,1,1,1,1,1,1,0,1,1,1,1,0,1,1,1,1,1,0,1,1,1,1,1,1,1,1,1,1,0,1,1,1
136,2020-06-04,New Jersey,34,162530,462,11970,90,1,1,1,1,1,1,1,0,1,1,1,1,0,1,1,1,1,1,0,1,1,1,1,1,1,1,1,1,1,0,1,1,1
137,2020-06-05,New Jersey,34,163336,806,12049,79,1,1,1,1,1,1,1,0,1,1,1,1,0,1,1,1,1,1,0,1,1,1,1,1,1,1,1,1,1,0,1,1,1
138,2020-06-06,New Jersey,34,163893,557,12106,57,1,1,1,1,1,1,1,0,1,1,1,1,0,1,1,1,1,1,0,1,1,1,1,1,1,1,1,1,1,0,1,1,1
139,2020-06-07,New Jersey,34,164164,271,12176,70,1,1,1,1,1,1,1,0,1,1,1,1,0,1,1,1,1,1,0,1,1,1,1,1,1,1,1,1,1,0,1,1,1
140,2020-06-08,New Jersey,34,164497,333,12214,38,1,1,1,1,1,1,1,0,1,1,1,1,0,1,1,1,1,1,0,1,1,1,1,1,1,1,1,1,1,0,1,1,1
141,2020-06-09,New Jersey,34,164796,299,12303,89,1,1,1,1,1,1,1,0,1,1,1,1,0,1,1,1,1,1,0,1,1,1,1,1,1,1,1,1,1,0,1,1,1
142,2020-06-10,New Jersey,34,165346,550,12377,74,1,1,1,1,1,1,1,0,1,1,1,1,0,1,1,1,1,1,0,1,1,1,1,1,1,1,1,1,1,0,1,1,1
143,2020-06-11,New Jersey,34,165816,470,12443,66,1,1,1,1,1,1,1,0,1,1,1,1,0,1,1,1,1,1,0,1,1,1,1,1,1,1,1,1,1,0,1,1,1
144,2020-06-12,New Jersey,34,166164,348,12489,46,0,0,0,0,0,0,0,0,0,0,0,0,0,0,0,0,0,0,0,0,0,0,0,0,0,0,0,0,0,0,0,0,0
41,2020-03-01,New York,36,1,,0,,0,0,0,0,0,0,0,0,0,0,0,0,0,0,0,0,0,0,0,0,0,0,0,0,0,0,0,0,0,0,0,0,0
42,2020-03-02,New York,36,1,0,0,0,0,0,0,0,0,0,0,0,0,0,0,0,0,0,0,0,0,0,0,0,0,0,0,0,0,0,0,0,0,0,0,0,0
43,2020-03-03,New York,36,2,1,0,0,0,0,0,0,0,0,0,0,0,0,0,0,0,0,0,0,0,0,0,0,0,0,0,0,0,0,0,0,0,0,0,0,0
44,2020-03-04,New York,36,11,9,0,0,0,0,0,0,0,0,0,0,0,0,0,0,0,0,0,0,0,0,0,0,0,0,0,0,0,0,0,0,0,0,0,0,0
45,2020-03-05,New York,36,22,11,0,0,0,0,0,0,0,0,0,0,0,0,0,0,0,0,0,0,0,0,0,0,0,0,0,0,0,0,0,0,0,0,0,0,0
46,2020-03-06,New York,36,44,22,0,0,0,0,0,0,0,0,0,0,0,0,0,0,0,0,0,0,0,0,0,0,0,0,0,0,0,0,0,0,0,0,0,0,0
47,2020-03-07,New York,36,89,45,0,0,1,0,0,0,0,0,0,0,0,0,0,1,0,0,0,0,0,0,0,0,0,0,1,0,0,0,0,0,0,0,0,0,0
48,2020-03-08,New York,36,106,17,0,0,1,0,0,0,0,0,0,0,0,0,0,1,0,0,0,0,0,0,0,0,0,0,1,0,0,0,0,0,0,0,0,0,0
49,2020-03-09,New York,36,142,36,0,0,1,0,0,0,0,0,0,0,0,0,0,1,0,0,0,0,0,0,0,0,0,0,1,0,0,0,0,0,0,0,0,0,0
50,2020-03-10,New York,36,173,31,0,0,1,0,0,0,0,0,0,0,0,0,0,1,0,0,0,0,0,0,0,0,0,0,1,0,0,0,0,0,0,0,0,0,0
51,2020-03-11,New York,36,217,44,0,0,1,0,0,0,0,0,0,0,0,0,0,1,0,0,0,0,0,0,0,0,0,0,1,0,0,0,0,0,0,0,0,0,0
52,2020-03-12,New York,36,326,109,0,0,1,0,0,1,0,0,0,0,0,0,0,1,0,0,1,0,0,0,0,0,0,0,1,0,0,1,0,0,0,0,0,0,0
53,2020-03-13,New York,36,421,95,0,0,1,0,0,1,0,0,0,0,0,0,0,1,0,0,1,0,0,0,0,0,0,0,1,0,0,1,0,0,0,0,0,0,0
54,2020-03-14,New York,36,610,189,2,2,1,0,0,1,0,0,0,0,0,0,0,1,0,0,1,0,0,0,0,0,0,0,1,0,0,1,0,0,0,0,0,0,0
55,2020-03-15,New York,36,732,122,6,4,1,0,0,1,0,0,0,0,0,0,0,1,0,0,1,0,0,0,0,0,0,0,1,0,0,1,0,0,0,0,0,0,0
56,2020-03-16,New York,36,950,218,10,4,1,0,0,1,0,1,0,0,1,0,0,1,0,0,1,0,1,0,0,1,0,0,1,0,0,1,0,1,0,0,1,0,0
57,2020-03-17,New York,36,1375,425,18,8,1,0,0,1,0,1,0,0,1,0,0,1,0,0,1,0,1,0,0,1,0,0,1,0,0,1,0,1,0,0,1,0,0
58,2020-03-18,New York,36,2387,1012,32,14,1,0,0,1,0,1,0,0,1,1,0,1,0,0,1,0,1,0,0,1,1,0,1,0,0,1,0,1,0,0,1,1,0
59,2020-03-19,New York,36,4161,1774,39,7,1,0,0,1,0,1,0,0,1,1,0,1,0,0,1,0,1,0,0,1,1,0,1,0,0,1,0,1,0,0,1,1,0
60,2020-03-20,New York,36,7113,2952,68,29,1,0,0,1,0,1,0,0,1,1,0,1,0,0,1,0,1,0,0,1,1,0,1,0,0,1,0,1,0,0,1,1,0
61,2020-03-21,New York,36,10371,3258,95,27,1,0,0,1,0,1,0,0,1,1,0,1,0,0,1,0,1,0,0,1,1,0,1,0,0,1,0,1,0,0,1,1,0
62,2020-03-22,New York,36,15188,4817,142,47,1,0,0,1,1,1,0,0,1,1,1,1,0,0,1,1,1,0,0,1,1,1,1,0,0,1,1,1,0,0,1,1,1
63,2020-03-23,New York,36,20899,5711,183,41,1,0,0,1,1,1,0,0,1,1,1,1,0,0,1,1,1,0,0,1,1,1,1,0,0,1,1,1,0,0,1,1,1
64,2020-03-24,New York,36,25703,4804,256,73,1,0,0,1,1,1,0,0,1,1,1,1,0,0,1,1,1,0,0,1,1,1,1,0,0,1,1,1,0,0,1,1,1
65,2020-03-25,New York,36,33116,7413,375,119,1,0,0,1,1,1,0,0,1,1,1,1,0,0,1,1,1,0,0,1,1,1,1,0,0,1,1,1,0,0,1,1,1
66,2020-03-26,New York,36,39057,5941,502,127,1,0,0,1,1,1,0,0,1,1,1,1,0,0,1,1,1,0,0,1,1,1,1,0,0,1,1,1,0,0,1,1,1
67,2020-03-27,New York,36,44745,5688,645,143,1,0,0,1,1,1,0,0,1,1,1,1,0,0,1,1,1,0,0,1,1,1,1,0,0,1,1,1,0,0,1,1,1
68,2020-03-28,New York,36,53516,8771,935,290,1,0,0,1,1,1,0,0,1,1,1,1,0,0,1,1,1,0,0,1,1,1,1,0,0,1,1,1,0,0,1,1,1
69,2020-03-29,New York,36,59783,6267,1180,245,1,0,0,1,1,1,0,0,1,1,1,1,0,0,1,1,1,0,0,1,1,1,1,0,0,1,1,1,0,0,1,1,1
70,2020-03-30,New York,36,67462,7679,1512,332,1,0,0,1,1,1,0,0,1,1,1,1,0,0,1,1,1,0,0,1,1,1,1,0,0,1,1,1,0,0,1,1,1
71,2020-03-31,New York,36,76211,8749,1929,417,1,0,0,1,1,1,0,0,1,1,1,1,0,0,1,1,1,0,0,1,1,1,1,0,0,1,1,1,0,0,1,1,1
72,2020-04-01,New York,36,84363,8152,2415,486,1,0,0,1,1,1,0,0,1,1,1,1,0,0,1,1,1,0,0,1,1,1,1,0,0,1,1,1,0,0,1,1,1
73,2020-04-02,New York,36,92971,8608,2963,548,1,0,0,1,1,1,0,0,1,1,1,1,0,0,1,1,1,0,0,1,1,1,1,0,0,1,1,1,0,0,1,1,1
74,2020-04-03,New York,36,103651,10680,3716,753,1,0,0,1,1,1,0,0,1,1,1,1,0,0,1,1,1,0,0,1,1,1,1,0,0,1,1,1,0,0,1,1,1
75,2020-04-04,New York,36,115963,12312,4535,819,1,0,0,1,1,1,0,0,1,1,1,1,0,0,1,1,1,0,0,1,1,1,1,0,0,1,1,1,0,0,1,1,1
76,2020-04-05,New York,36,124085,8122,5335,800,1,0,0,1,1,1,0,0,1,1,1,1,0,0,1,1,1,0,0,1,1,1,1,0,0,1,1,1,0,0,1,1,1
77,2020-04-06,New York,36,132061,7976,6130,795,1,0,0,1,1,1,0,0,1,1,1,1,0,0,1,1,1,0,0,1,1,1,1,0,0,1,1,1,0,0,1,1,1
78,2020-04-07,New York,36,141703,9642,7185,1055,1,0,0,1,1,1,0,0,1,1,1,1,0,0,1,1,1,0,0,1,1,1,1,0,0,1,1,1,0,0,1,1,1
79,2020-04-08,New York,36,151271,9568,8138,953,1,0,0,1,1,1,0,0,1,1,1,1,0,0,1,1,1,0,0,1,1,1,1,0,0,1,1,1,0,0,1,1,1
80,2020-04-09,New York,36,162036,10765,9166,1028,1,0,0,1,1,1,0,0,1,1,1,1,0,0,1,1,1,0,0,1,1,1,1,0,0,1,1,1,0,0,1,1,1
81,2020-04-10,New York,36,172830,10794,10162,996,1,0,0,1,1,1,0,0,1,1,1,1,0,0,1,1,1,0,0,1,1,1,1,0,0,1,1,1,0,0,1,1,1
82,2020-04-11,New York,36,182990,10160,11159,997,1,0,0,1,1,1,0,0,1,1,1,1,0,0,1,1,1,0,0,1,1,1,1,0,0,1,1,1,0,0,1,1,1
83,2020-04-12,New York,36,191425,8435,12116,957,1,0,0,1,1,1,0,0,1,1,1,1,0,0,1,1,1,0,0,1,1,1,1,0,0,1,1,1,0,0,1,1,1
84,2020-04-13,New York,36,197973,6548,12998,882,1,0,0,1,1,1,0,0,1,1,1,1,0,0,1,1,1,0,0,1,1,1,1,0,0,1,1,1,0,0,1,1,1
85,2020-04-14,New York,36,205375,7402,14001,1003,1,0,0,1,1,1,0,0,1,1,1,1,0,0,1,1,1,0,0,1,1,1,1,0,0,1,1,1,0,0,1,1,1
86,2020-04-15,New York,36,217130,11755,14937,936,1,0,0,1,1,1,0,0,1,1,1,1,0,0,1,1,1,0,0,1,1,1,1,0,0,1,1,1,0,0,1,1,1
87,2020-04-16,New York,36,225761,8631,15669,732,1,0,0,1,1,1,0,0,1,1,1,1,0,0,1,1,1,0,0,1,1,1,1,0,0,1,1,1,0,0,1,1,1
88,2020-04-17,New York,36,233293,7532,16473,804,1,0,0,1,1,1,1,0,1,1,1,1,0,0,1,1,1,1,0,1,1,1,1,0,0,1,1,1,1,0,1,1,1
89,2020-04-18,New York,36,240542,7249,17141,668,1,0,0,1,1,1,1,0,1,1,1,1,0,0,1,1,1,1,0,1,1,1,1,0,0,1,1,1,1,0,1,1,1
90,2020-04-19,New York,36,246741,6199,17793,652,1,0,0,1,1,1,1,0,1,1,1,1,0,0,1,1,1,1,0,1,1,1,1,0,0,1,1,1,1,0,1,1,1
91,2020-04-20,New York,36,251608,4867,18412,619,1,0,0,1,1,1,1,0,1,1,1,1,0,0,1,1,1,1,0,1,1,1,1,0,0,1,1,1,1,0,1,1,1
92,2020-04-21,New York,36,255932,4324,19040,628,1,0,0,1,1,1,1,0,1,1,1,1,0,0,1,1,1,1,0,1,1,1,1,0,0,1,1,1,1,0,1,1,1
93,2020-04-22,New York,36,261591,5659,19647,607,1,0,0,1,1,1,1,0,1,1,1,1,0,0,1,1,1,1,0,1,1,1,1,0,0,1,1,1,1,0,1,1,1
94,2020-04-23,New York,36,267932,6341,20212,565,1,0,0,1,1,1,1,0,1,1,1,1,0,0,1,1,1,1,0,1,1,1,1,0,0,1,1,1,1,0,1,1,1
95,2020-04-24,New York,36,276218,8286,20759,547,1,0,0,1,1,1,1,0,1,1,1,1,0,0,1,1,1,1,0,1,1,1,1,0,0,1,1,1,1,0,1,1,1
96,2020-04-25,New York,36,286901,10683,21326,567,1,0,0,1,1,1,1,0,1,1,1,1,0,0,1,1,1,1,0,1,1,1,1,0,0,1,1,1,1,0,1,1,1
97,2020-04-26,New York,36,292914,6013,21804,478,1,0,0,1,1,1,1,0,1,1,1,1,0,0,1,1,1,1,0,1,1,1,1,0,0,1,1,1,1,0,1,1,1
98,2020-04-27,New York,36,296991,4077,22267,463,1,0,0,1,1,1,1,0,1,1,1,1,0,0,1,1,1,1,0,1,1,1,1,0,0,1,1,1,1,0,1,1,1
99,2020-04-28,New York,36,300276,3285,22777,510,1,0,0,1,1,1,1,0,1,1,1,1,0,0,1,1,1,1,0,1,1,1,1,0,0,1,1,1,1,0,1,1,1
100,2020-04-29,New York,36,304994,4718,23287,510,1,0,0,1,1,1,1,0,1,1,1,1,0,0,1,1,1,1,0,1,1,1,1,0,0,1,1,1,1,0,1,1,1
101,2020-04-30,New York,36,309696,4702,23616,329,1,0,0,1,1,1,1,0,1,1,1,1,0,0,1,1,1,1,0,1,1,1,1,0,0,1,1,1,1,0,1,1,1
102,2020-05-01,New York,36,313575,3879,23841,225,1,0,0,1,1,1,1,0,1,1,1,1,0,0,1,1,1,1,0,1,1,1,1,0,0,1,1,1,1,0,1,1,1
103,2020-05-02,New York,36,318134,4559,24035,194,1,0,0,1,1,1,1,0,1,1,1,1,0,0,1,1,1,1,0,1,1,1,1,0,0,1,1,1,1,0,1,1,1
104,2020-05-03,New York,36,321833,3699,24576,541,1,0,0,1,1,1,1,0,1,1,1,1,0,0,1,1,1,1,0,1,1,1,1,0,0,1,1,1,1,0,1,1,1
105,2020-05-04,New York,36,324357,2524,24788,212,1,0,0,1,1,1,1,0,1,1,1,1,0,0,1,1,1,1,0,1,1,1,1,0,0,1,1,1,1,0,1,1,1
106,2020-05-05,New York,36,326659,2302,25028,240,1,0,0,1,1,1,1,0,1,1,1,1,0,0,1,1,1,1,0,1,1,1,1,0,0,1,1,1,1,0,1,1,1
107,2020-05-06,New York,36,329405,2746,25956,928,1,0,0,1,1,1,1,0,1,1,1,1,0,0,1,1,1,1,0,1,1,1,1,0,0,1,1,1,1,0,1,1,1
108,2020-05-07,New York,36,332931,3526,26206,250,1,0,0,1,1,1,1,0,1,1,1,1,0,0,1,1,1,1,0,1,1,1,1,0,0,1,1,1,1,0,1,1,1
109,2020-05-08,New York,36,335804,2873,26358,152,1,0,0,1,1,1,1,0,1,1,1,1,0,0,1,1,1,1,0,1,1,1,1,0,0,1,1,1,1,0,1,1,1
110,2020-05-09,New York,36,338519,2715,26584,226,1,0,0,1,1,1,1,0,1,1,1,1,0,0,1,1,1,1,0,1,1,1,1,0,0,1,1,1,1,0,1,1,1
111,2020-05-10,New York,36,340657,2138,26798,214,1,0,0,1,1,1,1,0,1,1,1,1,0,0,1,1,1,1,0,1,1,1,1,0,0,1,1,1,1,0,1,1,1
112,2020-05-11,New York,36,342267,1610,27003,205,1,0,0,1,1,1,1,0,1,1,1,1,0,0,1,1,1,1,0,1,1,1,1,0,0,1,1,1,1,0,1,1,1
113,2020-05-12,New York,36,343705,1438,27282,279,1,0,0,1,1,1,1,0,1,1,1,1,0,0,1,1,1,1,0,1,1,1,1,0,0,1,1,1,1,0,1,1,1
114,2020-05-13,New York,36,345828,2123,27448,166,1,0,0,1,1,1,1,0,1,1,1,1,0,0,1,1,1,1,0,1,1,1,1,0,0,1,1,1,1,0,1,1,1
115,2020-05-14,New York,36,348192,2364,27617,169,1,0,0,1,1,1,1,0,1,1,1,1,0,0,1,1,1,1,0,1,1,1,1,0,0,1,1,1,1,0,1,1,1
116,2020-05-15,New York,36,350951,2759,27755,138,1,0,0,1,1,1,1,0,1,1,1,1,0,0,1,1,1,1,0,1,1,1,1,0,0,1,1,1,1,0,1,1,1
117,2020-05-16,New York,36,353136,2185,27953,198,1,0,0,1,1,1,1,0,1,1,1,1,0,0,1,1,1,1,0,1,1,1,1,0,0,1,1,1,1,0,1,1,1
118,2020-05-17,New York,36,355037,1901,28168,215,1,0,0,1,1,1,1,0,1,1,1,1,0,0,1,1,1,1,0,1,1,1,1,0,0,1,1,1,1,0,1,1,1
119,2020-05-18,New York,36,356278,1241,28302,134,1,0,0,1,1,1,1,0,1,1,1,1,0,0,1,1,1,1,0,1,1,1,1,0,0,1,1,1,1,0,1,1,1
120,2020-05-19,New York,36,357757,1479,28437,135,1,0,0,1,1,1,1,0,1,1,1,1,0,0,1,1,1,1,0,1,1,1,1,0,0,1,1,1,1,0,1,1,1
121,2020-05-20,New York,36,359235,1478,28540,103,1,0,0,1,1,1,1,0,1,1,1,1,0,0,1,1,1,1,0,1,1,1,1,0,0,1,1,1,1,0,1,1,1
122,2020-05-21,New York,36,361313,2078,28663,123,1,0,0,1,1,1,1,0,1,1,1,1,0,0,1,1,1,1,0,1,1,1,1,0,0,1,1,1,1,0,1,1,1
123,2020-05-22,New York,36,362991,1678,28802,139,1,0,1,1,1,1,1,0,1,1,1,1,0,1,1,1,1,1,0,1,1,1,1,0,1,1,1,1,1,0,1,1,1
124,2020-05-23,New York,36,364745,1754,28900,98,1,0,1,1,1,1,1,0,1,1,1,1,0,1,1,1,1,1,0,1,1,1,1,0,1,1,1,1,1,0,1,1,1
125,2020-05-24,New York,36,366346,1601,29046,146,1,0,1,1,1,1,1,0,1,1,1,1,0,1,1,1,1,1,0,1,1,1,1,0,1,1,1,1,1,0,1,1,1
126,2020-05-25,New York,36,367625,1279,29138,92,1,0,1,1,1,1,1,0,1,1,1,1,0,1,1,1,1,1,0,1,1,1,1,0,1,1,1,1,1,0,1,1,1
127,2020-05-26,New York,36,368669,1044,29241,103,1,0,1,1,1,1,1,0,1,1,1,1,0,1,1,1,1,1,0,1,1,1,1,0,1,1,1,1,1,0,1,1,1
128,2020-05-27,New York,36,369801,1132,29339,98,1,0,1,1,1,1,1,0,1,1,1,1,0,1,1,1,1,1,0,1,1,1,1,0,1,1,1,1,1,0,1,1,1
129,2020-05-28,New York,36,371559,1758,29438,99,1,0,1,1,1,1,1,0,1,1,1,1,0,1,1,1,1,1,0,1,1,1,1,0,1,1,1,1,1,0,1,1,1
130,2020-05-29,New York,36,373108,1549,29535,97,1,0,1,0,0,0,1,0,0,0,0,1,0,1,0,0,0,1,0,0,0,0,1,0,1,0,0,0,1,0,0,0,0
131,2020-05-30,New York,36,374471,1363,29612,77,1,0,1,0,0,0,1,0,0,0,0,1,0,1,0,0,0,1,0,0,0,0,1,0,1,0,0,0,1,0,0,0,0
132,2020-05-31,New York,36,375575,1104,29699,87,1,0,1,0,0,0,1,0,0,0,0,1,0,1,0,0,0,1,0,0,0,0,1,0,1,0,0,0,1,0,0,0,0
133,2020-06-01,New York,36,376520,945,29766,67,1,0,1,0,0,0,1,0,0,0,0,1,0,1,0,0,0,1,0,0,0,0,1,0,1,0,0,0,1,0,0,0,0
134,2020-06-02,New York,36,377881,1361,29847,81,1,0,1,0,0,0,1,0,0,0,0,1,0,1,0,0,0,1,0,0,0,0,1,0,1,0,0,0,1,0,0,0,0
135,2020-06-03,New York,36,378924,1043,29918,71,1,0,1,0,0,0,1,0,0,0,0,1,0,1,0,0,0,1,0,0,0,0,1,0,1,0,0,0,1,0,0,0,0
136,2020-06-04,New York,36,379977,1053,30011,93,1,0,1,0,0,0,1,0,0,0,0,1,0,1,0,0,0,1,0,0,0,0,1,0,1,0,0,0,1,0,0,0,0
137,2020-06-05,New York,36,381019,1042,30066,55,0,0,1,0,0,0,1,0,0,0,0,0,0,1,0,0,0,1,0,0,0,0,0,0,1,0,0,0,1,0,0,0,0
138,2020-06-06,New York,36,382102,1083,30123,57,0,0,1,0,0,0,1,0,0,0,0,0,0,1,0,0,0,1,0,0,0,0,0,0,1,0,0,0,1,0,0,0,0
139,2020-06-07,New York,36,382879,777,30183,60,0,0,1,0,0,0,0,0,0,0,0,0,0,1,0,0,0,0,0,0,0,0,0,0,1,0,0,0,0,0,0,0,0
140,2020-06-08,New York,36,383591,712,30239,56,0,0,1,0,0,0,0,0,0,0,0,0,0,1,0,0,0,0,0,0,0,0,0,0,1,0,0,0,0,0,0,0,0
141,2020-06-09,New York,36,384281,690,30309,70,0,0,1,0,0,0,0,0,0,0,0,0,0,1,0,0,0,0,0,0,0,0,0,0,1,0,0,0,0,0,0,0,0
142,2020-06-10,New York,36,384945,664,30376,67,0,0,1,0,0,0,0,0,0,0,0,0,0,1,0,0,0,0,0,0,0,0,0,0,1,0,0,0,0,0,0,0,0
143,2020-06-11,New York,36,385669,724,30431,55,0,0,1,0,0,0,0,0,0,0,0,0,0,1,0,0,0,0,0,0,0,0,0,0,1,0,0,0,0,0,0,0,0
144,2020-06-12,New York,36,386490,821,30511,80,0,0,0,0,0,0,0,0,0,0,0,0,0,0,0,0,0,0,0,0,0,0,0,0,0,0,0,0,0,0,0,0,0
46,2020-03-06,Pennsylvania,42,2,,0,,1,0,0,0,0,0,0,0,0,0,0,1,0,0,0,0,0,0,0,0,0,0,1,0,0,0,0,0,0,0,0,0,0
47,2020-03-07,Pennsylvania,42,4,2,0,0,1,0,0,0,0,0,0,0,0,0,0,1,0,0,0,0,0,0,0,0,0,0,1,0,0,0,0,0,0,0,0,0,0
48,2020-03-08,Pennsylvania,42,6,2,0,0,1,0,0,0,0,0,0,0,0,0,0,1,0,0,0,0,0,0,0,0,0,0,1,0,0,0,0,0,0,0,0,0,0
49,2020-03-09,Pennsylvania,42,10,4,0,0,1,0,0,0,0,0,0,0,0,0,0,1,0,0,0,0,0,0,0,0,0,0,1,0,0,0,0,0,0,0,0,0,0
50,2020-03-10,Pennsylvania,42,12,2,0,0,1,0,0,0,0,0,0,0,0,0,0,1,0,0,0,0,0,0,0,0,0,0,1,0,0,0,0,0,0,0,0,0,0
51,2020-03-11,Pennsylvania,42,16,4,0,0,1,0,0,0,0,0,0,0,0,0,0,1,0,0,0,0,0,0,0,0,0,0,1,0,0,0,0,0,0,0,0,0,0
52,2020-03-12,Pennsylvania,42,22,6,0,0,1,0,0,0,0,0,0,0,0,0,0,1,0,0,0,0,0,0,0,0,0,0,1,0,0,0,0,0,0,0,0,0,0
53,2020-03-13,Pennsylvania,42,41,19,0,0,1,0,0,0,0,0,0,0,0,0,0,1,0,0,0,0,0,0,0,0,0,0,1,0,0,0,0,0,0,0,0,0,0
54,2020-03-14,Pennsylvania,42,47,6,0,0,1,0,0,0,0,0,0,0,0,0,0,1,0,0,0,0,0,0,0,0,0,0,1,0,0,0,0,0,0,0,0,0,0
55,2020-03-15,Pennsylvania,42,68,21,0,0,1,0,0,0,0,0,0,0,0,0,0,1,0,0,0,0,0,0,0,0,0,0,1,0,0,0,0,0,0,0,0,0,0
56,2020-03-16,Pennsylvania,42,81,13,0,0,1,0,0,0,0,0,0,0,1,1,0,1,0,0,0,0,0,0,0,1,1,0,1,0,0,0,0,0,0,0,0,1,0
57,2020-03-17,Pennsylvania,42,101,20,0,0,1,1,0,0,0,1,0,0,1,1,0,1,0,0,0,0,0,0,0,1,1,0,1,1,0,0,0,1,0,0,1,1,0
58,2020-03-18,Pennsylvania,42,139,38,1,1,1,1,0,0,0,1,0,0,1,1,0,1,0,0,0,0,0,0,0,1,1,0,1,1,0,0,0,1,0,0,1,1,0
59,2020-03-19,Pennsylvania,42,187,48,1,0,1,1,0,0,0,1,0,0,1,1,0,1,0,0,0,0,0,0,0,1,1,0,1,1,0,0,0,1,0,0,1,1,0
60,2020-03-20,Pennsylvania,42,269,82,1,0,1,1,0,0,0,1,0,0,1,1,0,1,0,0,0,0,0,0,0,1,1,0,1,1,0,0,0,1,0,0,1,1,0
61,2020-03-21,Pennsylvania,42,388,119,2,1,1,1,0,0,0,1,0,0,1,1,0,1,0,0,0,0,0,0,0,1,1,0,1,1,0,0,0,1,0,0,1,1,0
62,2020-03-22,Pennsylvania,42,504,116,3,1,1,1,0,0,0,1,0,0,1,1,0,1,0,0,0,0,0,0,0,1,1,0,1,1,0,0,0,1,0,0,1,1,0
63,2020-03-23,Pennsylvania,42,644,140,6,3,1,1,0,0,1,1,0,0,1,1,1,1,0,0,0,1,1,0,0,1,1,1,1,1,0,0,1,1,0,0,1,1,0
64,2020-03-24,Pennsylvania,42,851,207,7,1,1,1,0,0,1,1,0,0,1,1,1,1,0,0,0,1,1,0,0,1,1,1,1,1,0,0,1,1,0,0,1,1,0
65,2020-03-25,Pennsylvania,42,1151,300,11,4,1,1,0,0,1,1,0,0,1,1,1,1,0,0,0,1,1,0,0,1,1,1,1,1,0,0,1,1,0,0,1,1,0
66,2020-03-26,Pennsylvania,42,1690,539,16,5,1,1,0,0,1,1,0,0,1,1,1,1,0,0,0,1,1,0,0,1,1,1,1,1,0,0,1,1,0,0,1,1,0
67,2020-03-27,Pennsylvania,42,2217,527,23,7,1,1,0,0,1,1,0,0,1,1,1,1,0,0,0,1,1,0,0,1,1,1,1,1,0,0,1,1,0,0,1,1,0
68,2020-03-28,Pennsylvania,42,2815,598,35,12,1,1,0,0,1,1,0,0,1,1,1,1,0,0,0,1,1,0,0,1,1,1,1,1,0,0,1,1,0,0,1,1,0
69,2020-03-29,Pennsylvania,42,3441,626,40,5,1,1,0,0,1,1,0,0,1,1,1,1,0,0,0,1,1,0,0,1,1,1,1,1,0,0,1,1,0,0,1,1,0
70,2020-03-30,Pennsylvania,42,4156,715,48,8,1,1,0,0,1,1,0,0,1,1,1,1,0,0,0,1,1,0,0,1,1,1,1,1,0,0,1,1,0,0,1,1,0
71,2020-03-31,Pennsylvania,42,4997,841,72,24,1,1,0,0,1,1,0,0,1,1,1,1,0,0,0,1,1,0,0,1,1,1,1,1,0,0,1,1,0,0,1,1,0
72,2020-04-01,Pennsylvania,42,5805,808,74,2,1,1,0,0,1,1,0,0,1,1,1,1,0,0,0,1,1,0,0,1,1,1,1,1,0,0,1,1,0,0,1,1,1
73,2020-04-02,Pennsylvania,42,7016,1211,90,16,1,1,0,0,1,1,0,0,1,1,1,1,0,0,0,1,1,0,0,1,1,1,1,1,0,0,1,1,0,0,1,1,1
74,2020-04-03,Pennsylvania,42,8420,1404,102,12,1,1,0,0,1,1,0,0,1,1,1,1,0,0,0,1,1,0,0,1,1,1,1,1,0,0,1,1,0,0,1,1,1
75,2020-04-04,Pennsylvania,42,10109,1689,139,37,1,1,0,0,1,1,0,0,1,1,1,1,0,0,0,1,1,0,0,1,1,1,1,1,0,0,1,1,0,0,1,1,1
76,2020-04-05,Pennsylvania,42,11589,1480,159,20,1,1,0,0,1,1,0,0,1,1,1,1,0,0,0,1,1,0,0,1,1,1,1,1,0,0,1,1,0,0,1,1,1
77,2020-04-06,Pennsylvania,42,13074,1485,169,10,1,1,0,0,1,1,0,0,1,1,1,1,0,0,0,1,1,0,0,1,1,1,1,1,0,0,1,1,0,0,1,1,1
78,2020-04-07,Pennsylvania,42,14582,1508,240,71,1,1,0,0,1,1,0,0,1,1,1,1,0,0,0,1,1,0,0,1,1,1,1,1,0,0,1,1,0,0,1,1,1
79,2020-04-08,Pennsylvania,42,16414,1832,313,73,1,1,0,0,1,1,0,0,1,1,1,1,0,0,0,1,1,0,0,1,1,1,1,1,0,0,1,1,0,0,1,1,1
80,2020-04-09,Pennsylvania,42,18379,1965,344,31,1,1,0,0,1,1,0,0,1,1,1,1,0,0,0,1,1,0,0,1,1,1,1,1,0,0,1,1,0,0,1,1,1
81,2020-04-10,Pennsylvania,42,20128,1749,435,91,1,1,0,0,1,1,0,0,1,1,1,1,0,0,0,1,1,0,0,1,1,1,1,1,0,0,1,1,0,0,1,1,1
82,2020-04-11,Pennsylvania,42,21774,1646,515,80,1,1,0,0,1,1,0,0,1,1,1,1,0,0,0,1,1,0,0,1,1,1,1,1,0,0,1,1,0,0,1,1,1
83,2020-04-12,Pennsylvania,42,22955,1181,525,10,1,1,0,0,1,1,0,0,1,1,1,1,0,0,0,1,1,0,0,1,1,1,1,1,0,0,1,1,0,0,1,1,1
84,2020-04-13,Pennsylvania,42,24295,1340,563,38,1,1,0,0,1,1,0,0,1,1,1,1,0,0,0,1,1,0,0,1,1,1,1,1,0,0,1,1,0,0,1,1,1
85,2020-04-14,Pennsylvania,42,25591,1296,746,183,1,1,0,0,1,1,0,0,1,1,1,1,0,0,0,1,1,0,0,1,1,1,1,1,0,0,1,1,0,0,1,1,1
86,2020-04-15,Pennsylvania,42,26804,1213,833,87,1,1,0,0,1,1,0,0,1,1,1,1,0,0,0,1,1,0,0,1,1,1,1,1,0,0,1,1,0,0,1,1,1
87,2020-04-16,Pennsylvania,42,28314,1510,864,31,1,1,0,0,1,1,0,0,1,1,1,1,0,0,0,1,1,0,0,1,1,1,1,1,0,0,1,1,0,0,1,1,1
88,2020-04-17,Pennsylvania,42,30121,1807,1027,163,1,1,0,0,1,1,0,0,1,1,1,1,0,0,0,1,1,0,0,1,1,1,1,1,0,0,1,1,0,0,1,1,1
89,2020-04-18,Pennsylvania,42,31742,1621,1150,123,1,1,0,0,1,1,0,0,1,1,1,1,0,0,0,1,1,0,0,1,1,1,1,1,0,0,1,1,0,0,1,1,1
90,2020-04-19,Pennsylvania,42,32992,1250,1285,135,1,1,0,0,1,1,0,0,1,1,1,1,0,0,0,1,1,0,0,1,1,1,1,1,0,0,1,1,0,0,1,1,1
91,2020-04-20,Pennsylvania,42,34005,1013,1366,81,1,1,0,0,1,1,0,0,1,1,1,1,0,0,0,1,1,0,0,1,1,1,1,1,0,0,1,1,0,0,1,1,1
92,2020-04-21,Pennsylvania,42,35384,1379,1620,254,1,1,0,0,1,1,0,0,1,1,1,1,0,0,0,1,1,0,0,1,1,1,1,1,0,0,1,1,0,0,1,1,1
93,2020-04-22,Pennsylvania,42,36763,1379,1720,100,1,1,0,0,1,1,0,0,1,1,1,1,0,0,0,1,1,0,0,1,1,1,1,1,0,0,1,1,0,0,1,1,1
94,2020-04-23,Pennsylvania,42,38334,1571,1723,3,1,1,0,0,1,1,0,0,1,1,1,1,0,0,0,1,1,0,0,1,1,1,1,1,0,0,1,1,0,0,1,1,1
95,2020-04-24,Pennsylvania,42,40298,1964,1786,63,1,1,0,0,1,1,0,0,1,1,1,1,0,0,0,1,1,0,0,1,1,1,1,1,0,0,1,1,0,0,1,1,1
96,2020-04-25,Pennsylvania,42,41626,1328,1842,56,1,1,0,0,1,1,0,0,1,1,1,1,0,0,0,1,1,0,0,1,1,1,1,1,0,0,1,1,0,0,1,1,1
97,2020-04-26,Pennsylvania,42,42709,1083,1871,29,1,1,0,0,1,1,0,0,1,1,1,1,0,0,0,1,1,0,0,1,1,1,1,1,0,0,1,1,0,0,1,1,1
98,2020-04-27,Pennsylvania,42,43728,1019,1946,75,1,1,0,0,1,1,0,0,1,1,1,1,0,0,0,1,1,0,0,1,1,1,1,1,0,0,1,1,0,0,1,1,1
99,2020-04-28,Pennsylvania,42,45323,1595,2092,146,1,1,0,0,1,1,0,0,1,1,1,1,0,0,0,1,1,0,0,1,1,1,1,1,0,0,1,1,0,0,1,1,1
100,2020-04-29,Pennsylvania,42,46191,868,2392,300,1,1,0,0,1,1,0,0,1,1,1,1,0,0,0,1,1,0,0,1,1,1,1,1,0,0,1,1,0,0,1,1,1
101,2020-04-30,Pennsylvania,42,48224,2033,2580,188,1,1,0,0,1,1,0,0,1,1,1,1,0,0,0,1,1,0,0,1,1,1,1,1,0,0,1,1,0,0,1,1,1
102,2020-05-01,Pennsylvania,42,49764,1540,2671,91,1,1,0,0,1,1,0,0,1,1,1,1,0,0,0,1,1,0,0,1,1,1,1,1,0,0,1,1,0,0,1,1,1
103,2020-05-02,Pennsylvania,42,51071,1307,2794,123,1,1,0,0,1,1,0,0,1,1,1,1,0,0,0,1,1,0,0,1,1,1,1,1,0,0,1,1,0,0,1,1,1
104,2020-05-03,Pennsylvania,42,52079,1008,2843,49,1,1,0,0,1,1,0,0,1,1,1,1,0,0,0,1,1,0,0,1,1,1,1,1,0,0,1,1,0,0,1,1,1
105,2020-05-04,Pennsylvania,42,52992,913,2880,37,1,1,0,0,1,1,0,0,1,1,1,1,0,0,0,1,1,0,0,1,1,1,1,1,0,0,1,1,0,0,1,1,1
106,2020-05-05,Pennsylvania,42,53967,975,3206,326,1,1,0,0,1,1,0,0,1,1,1,1,0,0,0,1,1,0,0,1,1,1,1,1,0,0,1,1,0,0,1,1,1
107,2020-05-06,Pennsylvania,42,54989,1022,3360,154,1,1,0,0,1,1,0,0,1,1,1,1,0,0,0,1,1,0,0,1,1,1,1,1,0,0,1,1,0,0,1,1,1
108,2020-05-07,Pennsylvania,42,56149,1160,3599,239,1,1,0,0,1,1,0,0,1,1,1,1,0,0,0,1,1,0,0,1,1,1,1,1,0,0,1,1,0,0,1,1,1
109,2020-05-08,Pennsylvania,42,57501,1352,3724,125,1,1,0,0,1,1,0,0,1,1,0,1,0,0,0,1,1,0,0,1,1,0,1,1,0,0,1,1,0,0,1,1,0
110,2020-05-09,Pennsylvania,42,58661,1160,3793,69,1,1,0,0,1,1,0,0,1,1,0,1,0,0,0,1,1,0,0,1,1,0,1,1,0,0,1,1,0,0,1,1,0
111,2020-05-10,Pennsylvania,42,60037,1376,3819,26,1,1,0,0,1,1,0,0,1,1,0,1,0,0,0,1,1,0,0,1,1,0,1,1,0,0,1,1,0,0,1,1,0
112,2020-05-11,Pennsylvania,42,60557,520,3846,27,1,1,0,0,1,1,0,0,1,1,0,1,0,0,0,1,1,0,0,1,1,0,1,1,0,0,1,1,0,0,1,1,0
113,2020-05-12,Pennsylvania,42,61407,850,3924,78,1,1,0,0,1,1,0,0,1,1,0,1,0,0,0,1,1,0,0,1,1,0,1,1,0,0,1,1,0,0,1,1,0
114,2020-05-13,Pennsylvania,42,62194,787,4104,180,1,1,0,0,1,1,0,0,1,1,0,1,0,0,0,1,1,0,0,1,1,0,1,1,0,0,1,1,0,0,1,1,0
115,2020-05-14,Pennsylvania,42,63158,964,4298,194,1,1,0,0,1,1,0,0,1,1,0,1,0,0,0,1,1,0,0,1,1,0,1,1,0,0,1,1,0,0,1,1,0
116,2020-05-15,Pennsylvania,42,64178,1020,4432,134,1,1,0,0,1,1,0,0,1,1,0,1,0,0,0,1,1,0,0,1,1,0,1,1,0,0,1,1,0,0,1,1,0
117,2020-05-16,Pennsylvania,42,65228,1050,4490,58,1,1,0,0,1,1,0,0,1,1,0,1,0,0,0,1,1,0,0,1,1,0,1,1,0,0,1,1,0,0,1,1,0
118,2020-05-17,Pennsylvania,42,65745,517,4504,14,1,1,0,0,1,1,0,0,1,1,0,1,0,0,0,1,1,0,0,1,1,0,1,1,0,0,1,1,0,0,1,1,0
119,2020-05-18,Pennsylvania,42,66676,931,4560,56,1,1,0,0,1,1,0,0,1,1,0,1,0,0,0,1,1,0,0,1,1,0,1,1,0,0,1,1,0,0,1,1,0
120,2020-05-19,Pennsylvania,42,67404,728,4675,115,1,1,0,0,1,1,0,0,1,1,0,1,0,0,0,1,1,0,0,1,1,0,1,1,0,0,1,1,0,0,1,1,0
121,2020-05-20,Pennsylvania,42,68151,747,4794,119,1,1,0,0,1,1,0,0,1,1,0,1,0,0,0,1,1,0,0,1,1,0,1,1,0,0,1,1,0,0,1,1,0
122,2020-05-21,Pennsylvania,42,69252,1101,4887,93,1,1,0,0,1,1,0,0,1,1,0,1,0,0,0,1,1,0,0,1,1,0,1,1,0,0,1,1,0,0,1,1,0
123,2020-05-22,Pennsylvania,42,70305,1053,5032,145,1,1,0,0,1,1,0,0,1,1,0,1,0,0,0,1,1,0,0,1,1,0,1,1,0,0,1,1,0,0,1,1,0
124,2020-05-23,Pennsylvania,42,71102,797,5121,89,1,1,0,0,1,1,0,0,1,1,0,1,0,0,0,1,1,0,0,1,1,0,1,1,0,0,1,1,0,0,1,1,0
125,2020-05-24,Pennsylvania,42,71656,554,5145,24,1,1,0,0,1,1,0,0,1,1,0,1,0,0,0,1,1,0,0,1,1,0,1,1,0,0,1,1,0,0,1,1,0
126,2020-05-25,Pennsylvania,42,72356,700,5159,14,1,1,0,0,1,1,0,0,1,1,0,1,0,0,0,1,1,0,0,1,1,0,1,1,0,0,1,1,0,0,1,1,0
127,2020-05-26,Pennsylvania,42,72873,517,5175,16,1,1,0,0,1,1,0,0,1,1,0,1,0,0,0,1,1,0,0,1,1,0,1,1,0,0,1,1,0,0,1,1,0
128,2020-05-27,Pennsylvania,42,73646,773,5290,115,1,1,0,0,1,1,0,0,1,1,0,1,0,0,0,1,1,0,0,1,1,0,1,1,0,0,1,1,0,0,1,1,0
129,2020-05-28,Pennsylvania,42,74312,666,5397,107,1,1,0,0,1,1,0,0,1,1,0,1,0,0,0,1,1,0,0,1,1,0,1,1,0,0,1,1,0,0,1,1,0
130,2020-05-29,Pennsylvania,42,75073,761,5467,70,1,1,0,0,1,1,0,0,1,1,0,1,0,0,0,1,1,0,0,1,1,0,1,1,0,0,1,1,0,0,1,1,0
131,2020-05-30,Pennsylvania,42,75789,716,5537,70,1,1,0,0,1,1,0,0,1,1,0,1,0,0,0,1,1,0,0,1,1,0,1,1,0,0,1,1,0,0,1,1,0
132,2020-05-31,Pennsylvania,42,76218,429,5555,18,1,1,0,0,1,1,0,0,1,1,0,1,0,0,0,1,1,0,0,1,1,0,1,1,0,0,1,1,0,0,1,1,0
133,2020-06-01,Pennsylvania,42,76734,516,5574,19,1,1,0,0,1,1,0,0,1,1,0,1,0,0,0,1,1,0,0,1,1,0,1,1,0,0,1,1,0,0,1,1,0
134,2020-06-02,Pennsylvania,42,77315,581,5670,96,1,1,0,0,1,1,0,0,1,1,0,1,0,0,0,1,1,0,0,1,1,0,1,1,0,0,1,1,0,0,1,1,0
135,2020-06-03,Pennsylvania,42,77871,556,5742,72,1,1,0,0,1,1,0,0,1,1,0,1,0,0,0,1,1,0,0,1,1,0,1,1,0,0,1,1,0,0,1,1,0
136,2020-06-04,Pennsylvania,42,78428,557,5862,120,1,1,0,0,1,1,0,0,1,1,0,1,0,0,0,1,1,0,0,1,1,0,1,1,0,0,1,1,0,0,1,1,0
137,2020-06-05,Pennsylvania,42,78908,480,5952,90,1,1,0,0,1,1,0,0,1,1,0,1,0,0,0,1,1,0,0,1,1,0,1,1,0,0,1,1,0,0,1,1,0
138,2020-06-06,Pennsylvania,42,79507,599,5986,34,1,1,0,0,1,1,0,0,1,1,0,1,0,0,0,1,1,0,0,1,1,0,1,1,0,0,1,1,0,0,1,1,0
139,2020-06-07,Pennsylvania,42,80001,494,5997,11,1,1,0,0,1,1,0,0,1,1,0,1,0,0,0,1,1,0,0,1,1,0,1,1,0,0,1,1,0,0,1,1,0
140,2020-06-08,Pennsylvania,42,80432,431,6007,10,1,1,0,0,1,1,0,0,1,1,0,1,0,0,0,1,1,0,0,1,1,0,1,1,0,0,1,1,0,0,1,1,0
141,2020-06-09,Pennsylvania,42,80964,532,6070,63,1,1,0,0,1,1,0,0,1,1,0,1,0,0,0,1,1,0,0,1,1,0,1,1,0,0,1,1,0,0,1,1,0
142,2020-06-10,Pennsylvania,42,81410,446,6143,73,1,1,0,0,1,1,0,0,1,1,0,1,0,0,0,1,1,0,0,1,1,0,1,1,0,0,1,1,0,0,1,1,0
143,2020-06-11,Pennsylvania,42,81944,534,6187,44,1,1,0,0,1,1,0,0,1,1,0,1,0,0,0,1,1,0,0,1,1,0,1,1,0,0,1,1,0,0,1,1,0
144,2020-06-12,Pennsylvania,42,82578,634,6229,42,0,0,0,0,0,0,0,0,0,0,0,0,0,0,0,0,0,0,0,0,0,0,0,0,0,0,0,0,0,0,0,0,0
