location_id,StateFIPS,StatePostal,StateName,StatePolicy,Mandate,DateIssued,DateEnacted,DateExpiry,DateEased,DateEnded,StateWide,LastUpdated
523,1,AL,Alabama,EmergDec,1,20200313,20200313,,,,1,20200324
523,1,AL,Alabama,SchoolClose,1,20200314,20200318,,20200601,,1,20200522
523,1,AL,Alabama,GathRestrict25,1,20200319,20200319,,,,1,20200420
523,1,AL,Alabama,GathRestrictAny,1,20200319,20200319,20200522,,,1,20200511
523,1,AL,Alabama,OtherBusinessClose,1,20200319,20200319,20200522,20200430,,1,20200511
523,1,AL,Alabama,RestaurantRestrict,1,20200319,20200319,20200703,20200511,,1,20200522
523,1,AL,Alabama,GathRestrict10,1,20200327,20200328,20200703,,,1,20200522
523,1,AL,Alabama,OtherBusinessClose,1,20200327,20200328,20200703,20200430,,1,20200522
523,1,AL,Alabama,CaseIsolation,1,20200403,20200404,20200703,,,1,20200522
523,1,AL,Alabama,StayAtHome,1,20200403,20200404,20200430,,20200430,1,20200501
523,1,AL,Alabama,PublicMask,0,20200428,20200430,20200703,,,1,20200522
523,1,AL,Alabama,StayAtHome,0,20200428,20200430,20200703,,,1,20200522
524,2,AK,Alaska,EmergDec,1,20200311,20200311,,,,1,20200324
524,2,AK,Alaska,SchoolClose,1,20200313,20200316,,,,1,20200426
524,2,AK,Alaska,OtherBusinessClose,1,20200316,20200317,,20200424,20200522,1,20200524
524,2,AK,Alaska,RestaurantRestrict,1,20200317,20200318,,20200424,20200522,1,20200525
524,2,AK,Alaska,StayAtHome,1,20200320,20200322,20200331,,,0,20200329
524,2,AK,Alaska,GathRestrict10,1,20200323,20200324,,,20200424,1,20200426
524,2,AK,Alaska,GathRestrictAny,1,20200323,20200324,,,,1,20200426
524,2,AK,Alaska,OtherBusinessClose,1,20200323,20200324,,20200424,20200522,1,20200524
524,2,AK,Alaska,Quarantine,1,20200323,20200325,,,,1,20200426
524,2,AK,Alaska,NEBusinessClose,1,20200327,20200328,,20200424,20200522,1,20200524
524,2,AK,Alaska,StayAtHome,1,20200327,20200328,,,20200424,1,20200426
524,2,AK,Alaska,TravelRestrictIntra,1,20200327,20200328,,20200424,,1,20200426
524,2,AK,Alaska,PublicMask,0,20200403,20200403,,,,1,20200426
524,2,AK,Alaska,CaseIsolation,1,20200424,20200424,,,,1,20200426
524,2,AK,Alaska,GathRestrict25,1,20200424,20200424,,20200508,,1,20200511
524,2,AK,Alaska,GathRestrict50,1,20200507,20200508,,,,1,20200512
525,4,AZ,Arizona,EmergDec,1,20200311,20200311,,,,1,20200324
525,4,AZ,Arizona,SchoolClose,1,20200315,20200316,,,,1,20200505
525,4,AZ,Arizona,OtherBusinessClose,1,20200319,20200320,,,,0,20200510
525,4,AZ,Arizona,RestaurantRestrict,1,20200319,20200320,,,,0,20200510
525,4,AZ,Arizona,GathRestrictAny,1,20200330,20200331,20200516,,20200516,1,20200512
525,4,AZ,Arizona,OtherBusinessClose,1,20200330,20200331,,20200504,,1,20200512
525,4,AZ,Arizona,RestaurantRestrict,1,20200330,20200331,,20200511,,1,20200510
525,4,AZ,Arizona,StayAtHome,1,20200330,20200331,20200516,,20200516,1,20200512
525,4,AZ,Arizona,Quarantine,1,20200407,20200409,,,,1,20200408
526,5,AR,Arkansas,EmergDec,1,20200311,20200311,20200619,,,1,20200324
526,5,AR,Arkansas,SchoolClose,1,20200315,20200317,,,,1,20200419
526,5,AR,Arkansas,OtherBusinessClose,1,20200316,20200317,,,20200518,1,20200514
526,5,AR,Arkansas,OtherBusinessClose,1,20200319,20200319,,20200504,,1,20200501
526,5,AR,Arkansas,RestaurantRestrict,1,20200319,20200319,,20200511,,1,20200501
526,5,AR,Arkansas,OtherBusinessClose,1,20200323,20200325,,20200506,,1,20200506
526,5,AR,Arkansas,GathRestrict10,1,20200326,20200327,,,,1,20200329
526,5,AR,Arkansas,GathRestrictAny,1,20200326,20200327,,,,1,20200501
526,5,AR,Arkansas,Quarantine,0,20200330,20200330,,,,1,20200505
526,5,AR,Arkansas,PublicMask,0,20200423,20200423,,,,1,20200501
526,5,AR,Arkansas,Quarantine,1,20200508,20200508,,,,1,20200511
526,5,AR,Arkansas,BusinessHealthSafety,1,20200511,20200511,,,,1,20200511
527,6,CA,California,EmergDec,1,20200304,20200304,,,,1,20200324
527,6,CA,California,GathRestrict250,1,20200311,20200311,,,,1,20200411
527,6,CA,California,GathRestrictAny,1,20200311,20200311,,,,1,20200411
527,6,CA,California,SchoolClose,0,20200313,20200313,,,,0,20200409
527,6,CA,California,RestaurantRestrict,0,20200316,20200316,,,,1,20200420
527,6,CA,California,OtherBusinessClose,0,20200316,20200316,,,,1,20200519
527,6,CA,California,RestaurantRestrict,1,20200319,20200319,,,,1,20200519
527,6,CA,California,NEBusinessClose,1,20200319,20200319,,20200508,,1,20200510
527,6,CA,California,OtherBusinessClose,1,20200319,20200319,,,,1,20200519
527,6,CA,California,StayAtHome,1,20200319,20200319,,,,1,20200324
527,6,CA,California,SchoolClose,0,20200331,20200331,,,,1,20200503
527,6,CA,California,PublicMask,0,20200401,20200401,,,,1,20200525
528,8,CO,Colorado,EmergDec,1,20200311,20200311,20200606,,,1,20200511
528,8,CO,Colorado,GathRecomAny,0,20200313,20200313,,,,1,20200412
528,8,CO,Colorado,OtherBusinessClose,1,20200314,20200315,20200523,,,1,20200511
528,8,CO,Colorado,OtherBusinessClose,1,20200316,20200317,20200527,,,1,20200427
528,8,CO,Colorado,RestaurantRestrict,1,20200316,20200317,20200527,,,1,20200427
528,8,CO,Colorado,GathRestrict10,1,20200318,20200319,20200527,,,1,20200427
528,8,CO,Colorado,GathRestrictAny,1,20200318,20200319,20200527,,,1,20200427
528,8,CO,Colorado,SchoolClose,1,20200318,20200323,,,,1,20200425
528,8,CO,Colorado,OtherBusinessClose,1,20200319,20200319,20200527,,,1,20200427
528,8,CO,Colorado,NEBusinessClose,1,20200325,20200326,20200527,20200427,,1,20200427
528,8,CO,Colorado,StayAtHome,1,20200325,20200326,20200527,20200427,,1,20200427
528,8,CO,Colorado,CaseIsolation,1,20200401,20200402,20200527,,,1,20200427
528,8,CO,Colorado,PublicMask,0,20200426,20200427,20200527,,,1,20200427
529,9,CT,Connecticut,EmergDec,1,20200310,20200310,20200910,,,1,20200520
529,9,CT,Connecticut,GathRestrict250,1,20200312,20200312,20200430,,,1,20200520
529,9,CT,Connecticut,GathRestrictAny,1,20200312,20200312,20200621,,,1,20200520
529,9,CT,Connecticut,SchoolClose,1,20200315,20200317,20200706,,,1,20200524
529,9,CT,Connecticut,GathRestrict50,1,20200316,20200316,20200501,,,1,20200510
529,9,CT,Connecticut,OtherBusinessClose,1,20200316,20200316,20200621,,,1,20200510
529,9,CT,Connecticut,RestaurantRestrict,1,20200316,20200316,20200621,20200520,,1,20200519
529,9,CT,Connecticut,OtherBusinessClose,1,20200318,20200319,20200621,,,1,20200510
529,9,CT,Connecticut,NEBusinessClose,1,20200320,20200323,20200621,20200520,,1,20200519
529,9,CT,Connecticut,StayAtHome,0,20200320,20200323,20200521,,20200520,1,20200520
529,9,CT,Connecticut,GathRestrict5,1,20200326,20200326,20200621,,,1,20200520
529,9,CT,Connecticut,PublicMask,1,20200417,20200420,,,,1,20200422
530,10,DE,Delaware,EmergDec,1,20200312,20200313,20200607,,,1,20200513
530,10,DE,Delaware,GathRecomAny,0,20200312,20200313,20200411,,,1,20200513
530,10,DE,Delaware,SchoolClose,1,20200313,20200313,,,,1,20200513
530,10,DE,Delaware,GathRestrict50,1,20200316,20200316,20200516,,,1,20200513
530,10,DE,Delaware,GathRestrictAny,1,20200316,20200316,20200601,,,1,20200513
530,10,DE,Delaware,OtherBusinessClose,1,20200316,20200316,20200607,20200522,,1,20200523
530,10,DE,Delaware,RestaurantRestrict,1,20200316,20200316,20200607,20200601,,1,20200523
530,10,DE,Delaware,NEBusinessClose,1,20200322,20200324,20200516,20200508,,1,20200513
530,10,DE,Delaware,StayAtHome,1,20200322,20200324,20200607,,,1,20200513
530,10,DE,Delaware,Quarantine,1,20200329,20200330,20200607,20200601,,1,20200523
530,10,DE,Delaware,GathRestrict10,1,20200401,20200402,20200601,,,1,20200513
530,10,DE,Delaware,PublicMask,1,20200425,20200428,20200607,,,1,20200513
531,11,DC,District of Columbia,EmergDec,1,20200311,20200311,20200516,,,1,20200503
531,11,DC,District of Columbia,GathRestrict250,1,20200313,20200313,20200516,,,1,20200324
531,11,DC,District of Columbia,GathRestrictAny,1,20200313,20200313,20200516,,,1,20200324
531,11,DC,District of Columbia,GathRestrict50,1,20200316,20200316,20200516,,,1,20200324
531,11,DC,District of Columbia,RestaurantRestrict,1,20200316,20200316,20200516,,,1,20200412
531,11,DC,District of Columbia,SchoolClose,1,20200316,20200316,20200424,,,1,20200412
531,11,DC,District of Columbia,OtherBusinessClose,1,20200316,20200317,20200516,,,1,20200324
531,11,DC,District of Columbia,GathRestrict10,1,20200324,20200324,20200516,,,1,20200326
531,11,DC,District of Columbia,NEBusinessClose,1,20200324,20200325,20200516,,,1,20200329
531,11,DC,District of Columbia,StayAtHome,1,20200330,20200401,20200516,,,1,20200331
532,12,FL,Florida,EmergDec,1,20200309,20200309,20200702,,,1,20200510
532,12,FL,Florida,OtherBusinessClose,1,20200317,20200317,,20200504,,1,20200510
532,12,FL,Florida,RestaurantRestrict,1,20200317,20200317,,20200504,,1,20200522
532,12,FL,Florida,SchoolClose,0,20200317,20200317,,,,1,20200412
532,12,FL,Florida,OtherBusinessClose,1,20200320,20200320,,20200518,,1,20200522
532,12,FL,Florida,Quarantine,1,20200324,20200324,20200702,,,1,20200510
532,12,FL,Florida,GathRestrict10,1,20200401,20200403,20200702,,,1,20200510
532,12,FL,Florida,GathRestrictAny,1,20200401,20200403,20200702,,,1,20200510
532,12,FL,Florida,OtherBusinessClose,1,20200401,20200403,,20200504,,1,20200511
532,12,FL,Florida,StayAtHome,1,20200401,20200403,20200504,20200504,,1,20200510
533,13,GA,Georgia,EmergDec,1,20200314,20200314,20200613,,,1,20200505
533,13,GA,Georgia,SchoolClose,1,20200316,20200318,,,,1,20200419
533,13,GA,Georgia,GathRestrict10,1,20200323,20200324,20200601,,,1,20200513
533,13,GA,Georgia,GathRestrictAny,1,20200323,20200324,20200601,,,1,20200513
533,13,GA,Georgia,OtherBusinessClose,1,20200323,20200324,20200601,,,1,20200513
533,13,GA,Georgia,StayAtHome,1,20200323,20200324,20200406,,,0,20200426
533,13,GA,Georgia,OtherBusinessClose,1,20200402,20200403,20200601,20200424,,1,20200513
533,13,GA,Georgia,RestaurantRestrict,1,20200402,20200403,20200601,20200427,,1,20200513
533,13,GA,Georgia,StayAtHome,1,20200402,20200403,20200613,20200501,,1,20200513
533,13,GA,Georgia,CaseIsolation,1,20200415,20200415,20200611,,,1,20200513
533,13,GA,Georgia,PublicMask,0,20200423,20200501,20200601,,,1,20200513
534,15,HI,Hawaii,EmergDec,1,20200304,20200304,20200701,,,1,20200522
534,15,HI,Hawaii,GathRecomAny,0,20200313,20200313,,,,1,20200510
534,15,HI,Hawaii,SchoolClose,1,20200315,20200316,,,,1,20200324
534,15,HI,Hawaii,GathRestrict10,1,20200317,20200317,20200701,,,1,20200522
534,15,HI,Hawaii,GathRestrictAny,1,20200317,20200317,20200701,,,1,20200522
534,15,HI,Hawaii,OtherBusinessClose,1,20200317,20200317,20200601,20200507,,1,20200510
534,15,HI,Hawaii,RestaurantRestrict,1,20200317,20200317,,,,1,20200324
534,15,HI,Hawaii,Quarantine,1,20200321,20200326,20200701,,,1,20200522
534,15,HI,Hawaii,NEBusinessClose,1,20200323,20200325,20200501,20200501,,1,20200510
534,15,HI,Hawaii,StayAtHome,1,20200323,20200325,20200701,,,1,20200522
534,15,HI,Hawaii,TravelRestrictIntra,1,20200329,20200401,20200701,,,1,20200522
534,15,HI,Hawaii,PublicMask,0,20200416,20200417,20200701,,,1,20200522
535,16,ID,Idaho,EmergDec,1,20200313,20200313,20200611,,,1,20200517
535,16,ID,Idaho,GathRecomAny,0,20200318,20200318,20200401,,,1,20200501
535,16,ID,Idaho,StayAtHome,1,20200319,20200319,20200414,,,0,20200501
535,16,ID,Idaho,SchoolClose,1,20200323,20200323,,,,1,20200501
535,16,ID,Idaho,GathRestrictAny,1,20200325,20200325,20200501,20200501,,1,20200501
535,16,ID,Idaho,NEBusinessClose,1,20200325,20200325,20200501,20200501,,1,20200501
535,16,ID,Idaho,OtherBusinessClose,1,20200325,20200325,,20200516,,1,20200517
535,16,ID,Idaho,RestaurantRestrict,1,20200325,20200325,,20200516,,1,20200517
535,16,ID,Idaho,StayAtHome,1,20200325,20200325,20200501,,20200501,1,20200501
535,16,ID,Idaho,PublicMask,0,20200406,20200406,,,,1,20200501
535,16,ID,Idaho,Quarantine,1,20200415,20200415,,20200516,,1,20200517
535,16,ID,Idaho,StayAtHome,0,20200430,20200501,,,,0,20200501
536,17,IL,Illinois,EmergDec,1,20200309,20200309,20200530,,,1,20200519
536,17,IL,Illinois,GathRestrict1000,1,20200313,20200313,,,,1,20200324
536,17,IL,Illinois,GathRestrictAny,1,20200313,20200313,,,,1,20200324
536,17,IL,Illinois,SchoolClose,1,20200313,20200317,20200530,,,1,20200414
536,17,IL,Illinois,RestaurantRestrict,1,20200316,20200316,20200530,,,1,20200519
536,17,IL,Illinois,GathRestrict50,1,20200316,20200318,,,20200408,1,20200519
536,17,IL,Illinois,GathRestrict10,1,20200320,20200321,20200530,,,1,20200519
536,17,IL,Illinois,NEBusinessClose,1,20200320,20200321,20200530,20200501,,1,20200519
536,17,IL,Illinois,OtherBusinessClose,1,20200320,20200321,20200530,,,1,20200519
536,17,IL,Illinois,StayAtHome,1,20200320,20200321,20200530,,,1,20200519
536,17,IL,Illinois,PublicMask,1,20200501,20200501,20200530,,,1,20200519
537,18,IN,Indiana,EmergDec,1,20200306,20200306,,,,1,20200324
537,18,IN,Indiana,GathRestrict250,1,20200312,20200312,,,,1,20200324
537,18,IN,Indiana,GathRestrictAny,1,20200312,20200312,20200614,,,1,20200525
537,18,IN,Indiana,GathRecomAny,0,20200316,20200316,,,,1,20200324
537,18,IN,Indiana,OtherBusinessClose,1,20200316,20200316,,,,1,20200324
537,18,IN,Indiana,RestaurantRestrict,1,20200316,20200316,20200614,20200511,,1,20200525
537,18,IN,Indiana,SchoolClose,1,20200319,20200319,20200701,,,1,20200511
537,18,IN,Indiana,GathRestrict10,1,20200323,20200325,20200524,20200504,20200518,1,20200525
537,18,IN,Indiana,NEBusinessClose,1,20200323,20200325,20200614,20200502,,1,20200525
537,18,IN,Indiana,StayAtHome,1,20200323,20200325,20200614,20200502,,1,20200525
537,18,IN,Indiana,GathRestrict25,1,20200502,20200518,20200614,20200522,20200601,1,20200525
537,18,IN,Indiana,PublicMask,0,20200521,20200522,20200614,,,1,20200525
537,18,IN,Indiana,GathRestrict100,1,20200521,20200601,20200614,,,1,20200525
538,19,IA,Iowa,EmergDec,1,20200310,20200310,20200528,,,1,20200517
538,19,IA,Iowa,SchoolClose,0,20200315,20200316,20200413,,,1,20200506
538,19,IA,Iowa,EmergDec,1,20200317,20200317,20200528,,,1,20200517
538,19,IA,Iowa,GathRestrict10,1,20200317,20200317,20200528,20200516,,1,20200517
538,19,IA,Iowa,GathRestrictAny,1,20200317,20200317,20200528,,,1,20200517
538,19,IA,Iowa,OtherBusinessClose,1,20200317,20200317,20200528,20200501,,1,20200517
538,19,IA,Iowa,RestaurantRestrict,1,20200317,20200317,20200528,20200501,,1,20200517
538,19,IA,Iowa,OtherBusinessClose,1,20200322,20200322,20200528,20200508,,1,20200517
538,19,IA,Iowa,OtherBusinessClose,1,20200326,20200327,20200528,20200501,,1,20200517
538,19,IA,Iowa,SchoolClose,1,20200402,20200403,,20200601,,1,20200522
539,20,KS,Kansas,EmergDec,1,20200312,20200312,20200601,,,1,20200512
539,20,KS,Kansas,GathRestrict50,1,20200317,20200317,20200501,,,1,20200413
539,20,KS,Kansas,GathRestrictAny,1,20200317,20200317,20200601,,,1,20200522
539,20,KS,Kansas,SchoolClose,1,20200317,20200317,20200601,20200518,,1,20200522
539,20,KS,Kansas,Quarantine,1,20200323,20200323,,,,1,20200507
539,20,KS,Kansas,GathRestrict10,1,20200324,20200325,20200601,20200522,,1,20200522
539,20,KS,Kansas,OtherBusinessClose,1,20200328,20200330,,20200504,,1,20200512
539,20,KS,Kansas,StayAtHome,1,20200328,20200330,20200503,,20200504,1,20200510
539,20,KS,Kansas,PublicMask,0,20200430,20200504,,,,1,20200512
539,20,KS,Kansas,StayAtHome,0,20200430,20200504,,,,0,20200512
540,21,KY,Kentucky,EmergDec,1,20200306,20200306,,,,1,20200324
540,21,KY,Kentucky,GathRecomAny,0,20200311,20200311,,,,1,20200324
540,21,KY,Kentucky,SchoolClose,0,20200312,20200316,,,,1,20200516
540,21,KY,Kentucky,RestaurantRestrict,1,20200316,20200316,,20200522,,1,20200523
540,21,KY,Kentucky,OtherBusinessClose,1,20200317,20200318,,20200525,,1,20200523
540,21,KY,Kentucky,GathRestrictAny,1,20200319,20200319,,,,1,20200324
540,21,KY,Kentucky,GathRestrict3,1,20200319,20200319,,20200522,,1,20200523
540,21,KY,Kentucky,OtherBusinessClose,1,20200322,20200323,,20200520,,1,20200523
540,21,KY,Kentucky,NEBusinessClose,1,20200325,20200326,,20200511,,1,20200511
540,21,KY,Kentucky,StayAtHome,0,20200325,20200326,,,,1,20200330
540,21,KY,Kentucky,Quarantine,1,20200330,20200330,,,20200522,1,20200523
540,21,KY,Kentucky,TravelRestrictExit,1,20200330,20200330,,,20200506,1,20200523
540,21,KY,Kentucky,PublicMask,0,20200404,20200404,,,,1,20200516
540,21,KY,Kentucky,TravelRestrictEntry,1,20200506,20200506,,,20200522,1,20200523
540,21,KY,Kentucky,GathRestrict10,1,20200520,20200522,,,,1,20200523
541,22,LA,Louisiana,EmergDec,1,20200311,20200311,20200605,,,1,20200409
541,22,LA,Louisiana,GathRestrict250,1,20200313,20200313,20200413,,,1,20200413
541,22,LA,Louisiana,GathRestrictAny,1,20200313,20200313,20200515,,20200515,1,20200516
541,22,LA,Louisiana,SchoolClose,1,20200313,20200313,,,,1,20200516
541,22,LA,Louisiana,GathRestrict50,1,20200316,20200317,20200413,,,1,20200516
541,22,LA,Louisiana,OtherBusinessClose,1,20200316,20200317,20200605,,,1,20200516
541,22,LA,Louisiana,RestaurantRestrict,1,20200316,20200317,20200605,20200501,,1,20200516
541,22,LA,Louisiana,GathRestrict10,1,20200322,20200323,20200515,,20200515,1,20200516
541,22,LA,Louisiana,NEBusinessClose,1,20200322,20200323,20200605,20200515,,1,20200516
541,22,LA,Louisiana,StayAtHome,1,20200322,20200323,20200605,20200515,,1,20200516
541,22,LA,Louisiana,PublicMask,0,20200427,20200427,,,,1,20200507
541,22,LA,Louisiana,GathRecomAny,0,20200514,20200515,20200605,,,1,20200516
542,23,ME,Maine,GathRecomAny,0,20200312,20200312,,,,1,20200324
542,23,ME,Maine,EmergDec,1,20200315,20200315,20200611,,,1,20200514
542,23,ME,Maine,SchoolClose,0,20200315,20200315,,,,0,20200409
542,23,ME,Maine,GathRestrict10,1,20200318,20200318,20200601,,,1,20200503
542,23,ME,Maine,GathRestrictAny,1,20200318,20200318,20200601,,,1,20200503
542,23,ME,Maine,RestaurantRestrict,1,20200318,20200318,20200601,20200518,,1,20200519
542,23,ME,Maine,NEBusinessClose,1,20200324,20200325,20200601,20200501,,1,20200525
542,23,ME,Maine,OtherBusinessClose,1,20200324,20200325,20200601,20200511,,1,20200519
542,23,ME,Maine,StayAtHome,1,20200325,20200325,,,,0,20200329
542,23,ME,Maine,SchoolClose,1,20200331,20200401,20200501,,,1,20200402
542,23,ME,Maine,StayAtHome,1,20200331,20200401,20200601,,,1,20200503
542,23,ME,Maine,Quarantine,1,20200403,20200403,20200601,,,1,20200503
542,23,ME,Maine,TravelRestrictEntry,1,20200403,20200403,20200601,,,1,20200503
542,23,ME,Maine,PublicMask,1,20200429,20200501,20200601,,,1,20200503
543,24,MD,Maryland,EmergDec,1,20200305,20200305,,,,1,20200324
543,24,MD,Maryland,SchoolClose,1,20200312,20200316,,,,1,20200413
543,24,MD,Maryland,GathRestrict50,1,20200316,20200316,,,,1,20200324
543,24,MD,Maryland,GathRestrictAny,1,20200316,20200316,,,,1,20200324
543,24,MD,Maryland,OtherBusinessClose,1,20200316,20200316,,,,1,20200515
543,24,MD,Maryland,RestaurantRestrict,1,20200316,20200316,,,,1,20200324
543,24,MD,Maryland,GathRestrict10,1,20200319,20200319,,,,1,20200413
543,24,MD,Maryland,OtherBusinessClose,1,20200319,20200319,,,,1,20200324
543,24,MD,Maryland,NEBusinessClose,1,20200323,20200323,,20200507,,1,20200515
543,24,MD,Maryland,StayAtHome,1,20200330,20200330,,,20200515,1,20200515
543,24,MD,Maryland,PublicMask,1,20200415,20200418,,,,1,20200419
544,25,MA,Massachusetts,EmergDec,1,20200310,20200310,,,,1,20200324
544,25,MA,Massachusetts,GathRestrict250,1,20200313,20200313,,,,1,20200324
544,25,MA,Massachusetts,GathRestrictAny,1,20200313,20200313,,,,1,20200324
544,25,MA,Massachusetts,GathRestrict25,1,20200315,20200317,20200406,,,1,20200518
544,25,MA,Massachusetts,RestaurantRestrict,1,20200315,20200317,,,,1,20200413
544,25,MA,Massachusetts,SchoolClose,1,20200315,20200317,20200629,,,1,20200518
544,25,MA,Massachusetts,GathRestrict10,1,20200323,20200324,,,,1,20200428
544,25,MA,Massachusetts,NEBusinessClose,1,20200323,20200324,,20200518,,1,20200518
544,25,MA,Massachusetts,StayAtHome,0,20200324,20200324,,20200518,,1,20200518
544,25,MA,Massachusetts,Quarantine,1,20200327,20200327,,,,1,20200413
544,25,MA,Massachusetts,PublicMask,1,20200501,20200506,,,,1,20200503
545,26,MI,Michigan,EmergDec,1,20200310,20200310,,,20200401,1,20200514
545,26,MI,Michigan,GathRestrict250,1,20200312,20200313,20200406,,,1,20200514
545,26,MI,Michigan,GathRestrictAny,1,20200312,20200313,,,,1,20200514
545,26,MI,Michigan,SchoolClose,1,20200312,20200316,,,,1,20200419
545,26,MI,Michigan,OtherBusinessClose,1,20200316,20200316,20200529,,,1,20200503
545,26,MI,Michigan,RestaurantRestrict,1,20200316,20200316,20200529,,,1,20200413
545,26,MI,Michigan,GathRestrict50,1,20200316,20200317,,,,1,20200514
545,26,MI,Michigan,OtherBusinessClose,1,20200321,20200322,20200529,,,1,20200413
545,26,MI,Michigan,NEBusinessClose,1,20200323,20200323,20200529,20200507,,1,20200514
545,26,MI,Michigan,StayAtHome,1,20200323,20200324,20200529,,,1,20200514
545,26,MI,Michigan,EmergDec,1,20200401,20200401,20200529,,,1,20200408
545,26,MI,Michigan,CaseIsolation,0,20200403,20200403,,,,1,20200514
545,26,MI,Michigan,PublicMask,1,20200424,20200424,20200529,,,1,20200514
546,27,MN,Minnesota,EmergDec,1,20200313,20200313,20200613,,,1,20200514
546,27,MN,Minnesota,SchoolClose,1,20200315,20200318,,,,1,20200514
546,27,MN,Minnesota,OtherBusinessClose,1,20200316,20200317,20200601,20200427,,1,20200514
546,27,MN,Minnesota,RestaurantRestrict,1,20200316,20200317,20200601,20200601,,1,20200514
546,27,MN,Minnesota,GathRestrictAny,1,20200325,20200328,20200601,,,1,20200514
546,27,MN,Minnesota,StayAtHome,1,20200325,20200328,20200518,,20200518,1,20200514
546,27,MN,Minnesota,PublicMask,0,20200429,20200504,20200601,,,1,20200514
546,27,MN,Minnesota,StayAtHome,0,20200513,20200518,20200601,,,0,20200514
547,28,MS,Mississippi,EmergDec,1,20200314,20200314,20200601,,,1,20200516
547,28,MS,Mississippi,SchoolClose,1,20200319,20200319,,,,1,20200416
547,28,MS,Mississippi,GathRestrict10,1,20200324,20200324,20200601,,,1,20200516
547,28,MS,Mississippi,GathRestrictAny,1,20200324,20200324,20200601,,,1,20200516
547,28,MS,Mississippi,RestaurantRestrict,1,20200324,20200324,20200601,20200507,,1,20200516
547,28,MS,Mississippi,NEBusinessClose,1,20200331,20200331,20200415,,,0,20200428
547,28,MS,Mississippi,OtherBusinessClose,1,20200331,20200331,20200415,,,0,20200428
547,28,MS,Mississippi,StayAtHome,1,20200331,20200331,20200415,,,0,20200428
547,28,MS,Mississippi,NEBusinessClose,1,20200401,20200403,20200601,20200427,,1,20200516
547,28,MS,Mississippi,OtherBusinessClose,1,20200401,20200403,20200601,20200427,,1,20200516
547,28,MS,Mississippi,OtherBusinessClose,1,20200401,20200403,20200601,20200525,,1,20200523
547,28,MS,Mississippi,StayAtHome,1,20200401,20200403,20200601,20200427,,1,20200516
547,28,MS,Mississippi,StayAtHome,0,20200424,20200427,20200601,,,0,20200523
547,28,MS,Mississippi,PublicMask,1,20200512,20200512,20200601,,,0,20200523
548,29,MO,Missouri,EmergDec,1,20200313,20200313,20200615,,,1,20200429
548,29,MO,Missouri,GathRecomAny,0,20200315,20200315,,,,1,20200324
548,29,MO,Missouri,GathRestrict10,1,20200321,20200323,20200504,,20200504,1,20200504
548,29,MO,Missouri,GathRestrictAny,1,20200321,20200323,20200504,,20200504,1,20200504
548,29,MO,Missouri,RestaurantRestrict,1,20200321,20200323,20200601,20200504,,1,20200429
548,29,MO,Missouri,SchoolClose,1,20200321,20200323,,,,1,20200429
548,29,MO,Missouri,OtherBusinessClose,1,20200327,20200328,20200515,,,1,20200429
548,29,MO,Missouri,StayAtHome,1,20200403,20200406,20200504,,20200504,1,20200504
548,29,MO,Missouri,PublicMask,0,20200407,20200407,,,,1,20200429
549,30,MT,Montana,EmergDec,1,20200312,20200312,,,,1,20200324
549,30,MT,Montana,GathRecomAny,0,20200315,20200315,,,,1,20200324
549,30,MT,Montana,SchoolClose,1,20200315,20200315,,20200507,,1,20200507
549,30,MT,Montana,OtherBusinessClose,1,20200320,20200320,,20200504,,1,20200427
549,30,MT,Montana,RestaurantRestrict,1,20200320,20200320,,20200504,,1,20200427
549,30,MT,Montana,GathRestrict10,1,20200324,20200324,,,,1,20200326
549,30,MT,Montana,GathRestrictAny,1,20200324,20200324,,,,1,20200403
549,30,MT,Montana,NEBusinessClose,1,20200326,20200328,,20200427,,1,20200427
549,30,MT,Montana,StayAtHome,1,20200326,20200328,,20200426,,1,20200515
549,30,MT,Montana,Quarantine,1,20200330,20200330,,,,1,20200402
550,31,NE,Nebraska,EmergDec,1,20200313,20200313,,,,1,20200324
550,31,NE,Nebraska,GathRecomAny,1,20200316,20200316,,,,1,20200414
550,31,NE,Nebraska,GathRestrict10,1,20200319,20200319,20200430,,,0,20200414
550,31,NE,Nebraska,GathRestrictAny,1,20200319,20200319,20200430,,,0,20200510
550,31,NE,Nebraska,RestaurantRestrict,1,20200319,20200319,20200430,,,0,20200414
550,31,NE,Nebraska,SchoolClose,1,20200401,20200401,20200531,,,1,20200510
550,31,NE,Nebraska,CaseIsolation,1,20200403,20200403,20200531,,,1,20200414
550,31,NE,Nebraska,GathRestrict10,1,20200403,20200403,20200531,,,1,20200510
550,31,NE,Nebraska,GathRestrictAny,1,20200403,20200403,20200531,,,1,20200510
550,31,NE,Nebraska,RestaurantRestrict,1,20200403,20200403,20200511,20200504,,1,20200510
550,31,NE,Nebraska,OtherBusinessClose,1,20200409,20200410,20200504,20200504,,1,20200510
551,32,NV,Nevada,EmergDec,1,20200312,20200312,20200530,,,1,20200516
551,32,NV,Nevada,GathRecomAny,0,20200312,20200312,,,,0,20200414
551,32,NV,Nevada,SchoolClose,1,20200315,20200316,,,,1,20200422
551,32,NV,Nevada,GathRecomAny,0,20200317,20200317,20200430,,,1,20200414
551,32,NV,Nevada,OtherBusinessClose,1,20200318,20200319,,,,1,20200420
551,32,NV,Nevada,OtherBusinessClose,1,20200320,20200321,,20200509,,1,20200516
551,32,NV,Nevada,RestaurantRestrict,1,20200320,20200321,,20200509,,1,20200510
551,32,NV,Nevada,GathRestrict10,1,20200324,20200324,20200530,,,1,20200503
551,32,NV,Nevada,GathRestrictAny,1,20200324,20200324,20200530,,,1,20200503
551,32,NV,Nevada,StayAtHome,1,20200331,20200331,20200530,20200509,,1,20200510
551,32,NV,Nevada,OtherBusinessClose,1,20200408,20200409,20200515,,,1,20200503
551,32,NV,Nevada,PublicMask,0,20200507,20200509,20200530,,,1,20200510
552,33,NH,New Hampshire,EmergDec,1,20200313,20200313,20200605,,,1,20200518
552,33,NH,New Hampshire,SchoolClose,1,20200315,20200316,,,,1,20200518
552,33,NH,New Hampshire,GathRestrict50,1,20200316,20200316,20200531,,,1,20200414
552,33,NH,New Hampshire,GathRestrictAny,1,20200316,20200316,20200531,,,1,20200414
552,33,NH,New Hampshire,RestaurantRestrict,1,20200316,20200316,20200531,20200518,,1,20200414
552,33,NH,New Hampshire,GathRestrict10,1,20200323,20200323,20200531,,,1,20200414
552,33,NH,New Hampshire,NEBusinessClose,1,20200326,20200328,20200531,20200501,,1,20200518
552,33,NH,New Hampshire,OtherBusinessClose,1,20200326,20200328,20200531,20200511,,1,20200518
552,33,NH,New Hampshire,StayAtHome,1,20200326,20200328,20200531,,,1,20200501
553,34,NJ,New Jersey,EmergDec,1,20200309,20200309,,,,1,20200508
553,34,NJ,New Jersey,GathRecomAny,0,20200312,20200312,,,,1,20200324
553,34,NJ,New Jersey,GathRestrict50,1,20200316,20200316,,,,1,20200324
553,34,NJ,New Jersey,GathRestrictAny,1,20200316,20200316,,,,1,20200324
553,34,NJ,New Jersey,OtherBusinessClose,1,20200316,20200316,,,,1,20200324
553,34,NJ,New Jersey,RestaurantRestrict,1,20200316,20200316,,,,1,20200324
553,34,NJ,New Jersey,SchoolClose,1,20200316,20200318,20200630,,,1,20200418
553,34,NJ,New Jersey,GathRestrict3,1,20200321,20200321,,20200518,,1,20200519
553,34,NJ,New Jersey,NEBusinessClose,1,20200321,20200321,,20200502,,1,20200519
553,34,NJ,New Jersey,OtherBusinessClose,1,20200321,20200321,,,,1,20200414
553,34,NJ,New Jersey,StayAtHome,1,20200321,20200321,,,,1,20200324
553,34,NJ,New Jersey,PublicMask,1,20200411,20200413,,,,1,20200423
553,34,NJ,New Jersey,GathRestrict10,1,20200513,20200513,,20200522,,1,20200524
553,34,NJ,New Jersey,GathRestrict25,1,20200522,20200522,,,,1,20200525
554,35,NM,New Mexico,EmergDec,1,20200311,20200311,20200601,,,1,20200516
554,35,NM,New Mexico,GathRestrict100,1,20200312,20200312,20200410,,,1,20200516
554,35,NM,New Mexico,GathRestrictAny,1,20200312,20200312,20200601,,,1,20200516
554,35,NM,New Mexico,SchoolClose,1,20200313,20200316,,,,1,20200324
554,35,NM,New Mexico,OtherBusinessClose,1,20200316,20200316,20200601,,,1,20200516
554,35,NM,New Mexico,GathRestrict10,1,20200319,20200319,20200410,,,1,20200516
554,35,NM,New Mexico,OtherBusinessClose,1,20200319,20200319,20200601,,,1,20200516
554,35,NM,New Mexico,RestaurantRestrict,1,20200319,20200319,20200601,,,1,20200516
554,35,NM,New Mexico,GathRestrict5,1,20200323,20200324,20200601,,,1,20200516
554,35,NM,New Mexico,NEBusinessClose,1,20200323,20200324,20200601,20200515,,1,20200516
554,35,NM,New Mexico,StayAtHome,0,20200323,20200324,20200601,,,1,20200516
554,35,NM,New Mexico,Quarantine,1,20200327,20200327,,,,1,20200403
554,35,NM,New Mexico,PublicMask,1,20200515,20200515,20200601,,,1,20200516
555,36,NY,New York,EmergDec,1,20200307,20200307,20200605,,,1,20200520
555,36,NY,New York,GathRestrict500,1,20200312,20200312,20200412,,,1,20200520
555,36,NY,New York,GathRestrictAny,1,20200312,20200312,20200529,,,1,20200520
555,36,NY,New York,GathRestrict50,1,20200316,20200316,20200416,,,1,20200520
555,36,NY,New York,OtherBusinessClose,1,20200316,20200316,20200529,,,1,20200516
555,36,NY,New York,RestaurantRestrict,1,20200316,20200316,20200529,,,1,20200516
555,36,NY,New York,SchoolClose,1,20200316,20200318,20200529,,,1,20200516
555,36,NY,New York,OtherBusinessClose,1,20200318,20200319,20200529,,,1,20200516
555,36,NY,New York,OtherBusinessClose,1,20200319,20200321,20200529,,,1,20200516
555,36,NY,New York,GathRestrict3,1,20200320,20200322,20200529,,20200522,1,20200524
555,36,NY,New York,NEBusinessClose,1,20200320,20200322,20200529,20200515,,1,20200516
555,36,NY,New York,StayAtHome,1,20200320,20200322,20200529,,,1,20200520
555,36,NY,New York,PublicMask,1,20200415,20200417,20200607,,,1,20200520
555,36,NY,New York,GathRestrict10,1,20200522,20200522,20200622,,,1,20200524
556,37,NC,North Carolina,EmergDec,1,20200310,20200310,,,,1,20200324
556,37,NC,North Carolina,GathRecomAny,0,20200312,20200312,,,,1,20200324
556,37,NC,North Carolina,GathRestrict100,1,20200314,20200314,20200413,,,1,20200513
556,37,NC,North Carolina,GathRestrictAny,1,20200314,20200314,20200626,,,1,20200522
556,37,NC,North Carolina,SchoolClose,1,20200314,20200316,20200626,,,1,20200522
556,37,NC,North Carolina,RestaurantRestrict,1,20200317,20200317,20200626,20200522,,1,20200522
556,37,NC,North Carolina,GathRestrict50,1,20200323,20200325,20200424,,,1,20200513
556,37,NC,North Carolina,OtherBusinessClose,1,20200323,20200325,20200626,20200522,,1,20200522
556,37,NC,North Carolina,GathRestrict10,1,20200327,20200330,20200626,,,1,20200522
556,37,NC,North Carolina,NEBusinessClose,1,20200327,20200330,20200626,20200508,,1,20200522
556,37,NC,North Carolina,StayAtHome,1,20200327,20200330,20200522,20200508,,1,20200508
556,37,NC,North Carolina,PublicMask,0,20200505,20200508,20200626,,,1,20200522
557,38,ND,North Dakota,EmergDec,1,20200313,20200313,,,,1,20200324
557,38,ND,North Dakota,SchoolClose,1,20200315,20200316,,20200601,,1,20200519
557,38,ND,North Dakota,OtherBusinessClose,1,20200319,20200320,20200501,20200501,,1,20200501
557,38,ND,North Dakota,RestaurantRestrict,1,20200319,20200320,20200501,20200501,,1,20200501
557,38,ND,North Dakota,OtherBusinessClose,1,20200327,20200328,20200501,20200501,,1,20200501
557,38,ND,North Dakota,CaseIsolation,1,20200406,20200406,,,,1,20200511
557,38,ND,North Dakota,Quarantine,1,20200408,20200408,,,,1,20200511
558,39,OH,Ohio,EmergDec,1,20200309,20200309,,,,1,20200324
558,39,OH,Ohio,GathRecomAny,0,20200310,20200310,,,,1,20200324
558,39,OH,Ohio,GathRestrict100,1,20200312,20200312,,,,1,20200324
558,39,OH,Ohio,GathRestrictAny,1,20200312,20200312,20200530,,,1,20200507
558,39,OH,Ohio,SchoolClose,1,20200314,20200317,20200701,,,1,20200430
558,39,OH,Ohio,RestaurantRestrict,1,20200315,20200315,20200530,20200514,20200521,1,20200517
558,39,OH,Ohio,GathRestrict50,1,20200317,20200317,,,,1,20200324
558,39,OH,Ohio,OtherBusinessClose,1,20200317,20200317,20200530,,,1,20200501
558,39,OH,Ohio,OtherBusinessClose,1,20200319,20200319,20200530,20200515,,1,20200517
558,39,OH,Ohio,OtherBusinessClose,1,20200321,20200321,20200530,,,1,20200501
558,39,OH,Ohio,GathRestrict10,1,20200322,20200324,20200530,,,1,20200507
558,39,OH,Ohio,NEBusinessClose,1,20200322,20200324,20200502,20200504,,1,20200507
558,39,OH,Ohio,StayAtHome,1,20200322,20200324,20200530,,20200520,1,20200501
558,39,OH,Ohio,StayAtHome,0,20200520,20200520,,,,1,20200524
558,39,OH,Ohio,Quarantine,0,20200402,20200407,20200530,,,1,20200501
558,39,OH,Ohio,TravelRestrictEntry,1,20200402,20200407,20200530,,,1,20200501
558,39,OH,Ohio,PublicMask,0,20200404,20200404,,,,1,20200507
559,40,OK,Oklahoma,EmergDec,1,20200315,20200315,20200611,,,1,20200523
559,40,OK,Oklahoma,SchoolClose,1,20200316,20200317,,,,1,20200324
559,40,OK,Oklahoma,GathRecomAny,0,20200317,20200317,20200417,,,1,20200324
559,40,OK,Oklahoma,GathRestrict10,1,20200324,20200324,20200524,,,1,20200426
559,40,OK,Oklahoma,GathRestrictAny,1,20200324,20200324,20200524,,,1,20200426
559,40,OK,Oklahoma,StayAtHome,1,20200324,20200324,20200531,,,0,20200523
559,40,OK,Oklahoma,NEBusinessClose,1,20200324,20200326,20200416,,,0,20200425
559,40,OK,Oklahoma,OtherBusinessClose,1,20200324,20200326,20200416,,,0,20200425
559,40,OK,Oklahoma,RestaurantRestrict,1,20200324,20200326,20200416,,,0,20200425
559,40,OK,Oklahoma,Quarantine,1,20200329,20200329,20200524,,,1,20200425
559,40,OK,Oklahoma,NEBusinessClose,1,20200401,20200401,20200524,20200424,,1,20200426
559,40,OK,Oklahoma,OtherBusinessClose,1,20200401,20200401,20200524,20200424,,1,20200426
559,40,OK,Oklahoma,RestaurantRestrict,1,20200401,20200401,20200524,20200501,,1,20200426
559,40,OK,Oklahoma,EmergDec,1,20200402,20200402,20200531,,,1,20200501
560,41,OR,Oregon,EmergDec,1,20200308,20200308,20200707,,,1,20200516
560,41,OR,Oregon,GathRestrict250,1,20200312,20200312,20200408,,,1,20200516
560,41,OR,Oregon,GathRestrictAny,1,20200312,20200312,,,,1,20200413
560,41,OR,Oregon,SchoolClose,1,20200312,20200316,20200701,,,1,20200516
560,41,OR,Oregon,GathRestrict25,1,20200317,20200317,20200415,,,1,20200516
560,41,OR,Oregon,RestaurantRestrict,1,20200317,20200317,,20200515,,1,20200516
560,41,OR,Oregon,SchoolClose,1,20200319,20200319,20200614,,,1,20200516
560,41,OR,Oregon,StayAtHome,1,20200323,20200323,,20200515,,1,20200516
560,41,OR,Oregon,OtherBusinessClose,1,20200323,20200324,,20200515,,1,20200515
560,41,OR,Oregon,GathRestrict10,1,20200514,20200515,,20200522,,0,20200524
560,41,OR,Oregon,GathRestrict25,1,20200521,20200522,,,,0,20200524
561,42,PA,Pennsylvania,EmergDec,1,20200306,20200306,,,,1,20200324
561,42,PA,Pennsylvania,SchoolClose,1,20200313,20200316,,,,1,20200324
561,42,PA,Pennsylvania,RestaurantRestrict,1,20200315,20200316,,,,0,20200413
561,42,PA,Pennsylvania,GathRecomAny,0,20200316,20200317,,,,1,20200413
561,42,PA,Pennsylvania,OtherBusinessClose,0,20200316,20200317,,,,1,20200415
561,42,PA,Pennsylvania,RestaurantRestrict,1,20200316,20200317,,,,1,20200420
561,42,PA,Pennsylvania,NEBusinessClose,1,20200319,20200323,,20200508,,1,20200511
561,42,PA,Pennsylvania,OtherBusinessClose,1,20200319,20200323,,20200501,,1,20200511
561,42,PA,Pennsylvania,StayAtHome,1,20200323,20200323,20200406,,,0,20200511
561,42,PA,Pennsylvania,StayAtHome,1,20200324,20200324,20200406,,,0,20200511
561,42,PA,Pennsylvania,StayAtHome,1,20200325,20200325,20200406,,,0,20200511
561,42,PA,Pennsylvania,StayAtHome,1,20200327,20200327,20200406,,,0,20200511
561,42,PA,Pennsylvania,StayAtHome,1,20200328,20200328,20200406,,,0,20200331
561,42,PA,Pennsylvania,StayAtHome,1,20200330,20200330,20200430,,,0,20200511
561,42,PA,Pennsylvania,StayAtHome,1,20200331,20200331,20200430,,,0,20200511
561,42,PA,Pennsylvania,StayAtHome,1,20200401,20200401,20200508,20200508,,1,20200508
562,44,RI,Rhode Island,EmergDec,1,20200309,20200309,20200605,,,1,20200413
562,44,RI,Rhode Island,GathRecomAny,0,20200311,20200311,,,,1,20200413
562,44,RI,Rhode Island,SchoolClose,1,20200313,20200316,,,,1,20200413
562,44,RI,Rhode Island,GathRestrict25,1,20200316,20200317,20200508,,,1,20200420
562,44,RI,Rhode Island,GathRestrictAny,1,20200316,20200317,20200531,,,1,20200524
562,44,RI,Rhode Island,RestaurantRestrict,1,20200316,20200317,20200523,20200509,,1,20200514
562,44,RI,Rhode Island,GathRestrict10,1,20200322,20200322,20200330,,,1,20200420
562,44,RI,Rhode Island,OtherBusinessClose,1,20200322,20200323,20200531,,,1,20200524
562,44,RI,Rhode Island,Quarantine,1,20200323,20200324,20200531,,,1,20200524
562,44,RI,Rhode Island,GathRestrict5,1,20200328,20200328,20200531,,,1,20200524
562,44,RI,Rhode Island,StayAtHome,1,20200328,20200328,20200523,20200509,,1,20200514
562,44,RI,Rhode Island,OtherBusinessClose,1,20200328,20200330,20200523,20200509,,1,20200514
562,44,RI,Rhode Island,CaseIsolation,1,20200409,20200409,20200605,,,1,20200514
563,45,SC,South Carolina,EmergDec,1,20200313,20200313,20200427,,,1,20200426
563,45,SC,South Carolina,SchoolClose,1,20200313,20200316,20200330,,,0,20200426
563,45,SC,South Carolina,GathRecomAny,0,20200315,20200315,,,,1,20200324
563,45,SC,South Carolina,SchoolClose,1,20200315,20200316,,,,1,20200426
563,45,SC,South Carolina,GathRestrict50,1,20200317,20200318,20200527,,,1,20200513
563,45,SC,South Carolina,GathRestrictAny,1,20200317,20200318,20200527,,,1,20200513
563,45,SC,South Carolina,RestaurantRestrict,1,20200317,20200318,20200527,20200504,,1,20200513
563,45,SC,South Carolina,GathRestrict5,1,20200323,20200323,20200527,,,1,20200513
563,45,SC,South Carolina,Quarantine,1,20200327,20200327,20200512,,20200501,1,20200504
563,45,SC,South Carolina,OtherBusinessClose,1,20200330,20200330,20200527,20200420,,1,20200513
563,45,SC,South Carolina,OtherBusinessClose,1,20200331,20200401,20200527,20200518,,1,20200524
563,45,SC,South Carolina,OtherBusinessClose,1,20200403,20200406,20200527,20200420,,1,20200513
563,45,SC,South Carolina,StayAtHome,1,20200406,20200407,20200527,,,1,20200513
564,46,SD,South Dakota,EmergDec,1,20200313,20200313,20200531,,,1,20200501
564,46,SD,South Dakota,SchoolClose,1,20200313,20200317,,20200428,,1,20200501
564,46,SD,South Dakota,GathRecomAny,0,20200323,20200323,20200502,,,1,20200412
564,46,SD,South Dakota,EmergDec,1,20200402,20200402,,,,1,20200412
564,46,SD,South Dakota,GathRestrict10,1,20200406,20200406,20200531,,20200428,1,20200501
564,46,SD,South Dakota,GathRestrictAny,1,20200406,20200406,20200531,,20200428,1,20200501
564,46,SD,South Dakota,StayAtHome,1,20200406,20200406,20200511,,,0,20200501
565,47,TN,Tennessee,EmergDec,1,20200312,20200312,20200630,,,1,20200514
565,47,TN,Tennessee,GathRecomAny,0,20200312,20200312,,,,0,20200412
565,47,TN,Tennessee,SchoolClose,0,20200316,20200316,,,,1,20200429
565,47,TN,Tennessee,GathRestrict10,1,20200322,20200323,20200530,,,1,20200429
565,47,TN,Tennessee,GathRestrictAny,1,20200322,20200323,20200530,,,1,20200429
565,47,TN,Tennessee,OtherBusinessClose,1,20200322,20200323,20200530,,,1,20200429
565,47,TN,Tennessee,RestaurantRestrict,1,20200322,20200323,20200530,20200429,,1,20200429
565,47,TN,Tennessee,OtherBusinessClose,1,20200330,20200330,20200530,20200506,,1,20200511
565,47,TN,Tennessee,NEBusinessClose,1,20200330,20200401,20200530,20200508,,1,20200429
565,47,TN,Tennessee,StayAtHome,0,20200330,20200401,20200501,,,1,20200422
565,47,TN,Tennessee,StayAtHome,1,20200402,20200402,20200530,20200429,,1,20200429
565,47,TN,Tennessee,PublicMask,0,20200428,20200429,20200530,,,1,20200429
566,48,TX,Texas,EmergDec,1,20200313,20200313,,,,1,20200324
566,48,TX,Texas,GathRestrict10,1,20200319,20200321,20200604,,,1,20200524
566,48,TX,Texas,GathRestrictAny,1,20200319,20200321,20200604,,,1,20200524
566,48,TX,Texas,OtherBusinessClose,1,20200319,20200321,20200604,20200518,,1,20200524
566,48,TX,Texas,RestaurantRestrict,1,20200319,20200321,20200604,20200501,,1,20200524
566,48,TX,Texas,SchoolClose,1,20200319,20200321,,20200601,,1,20200524
566,48,TX,Texas,Quarantine,1,20200326,20200328,,20200501,20200521,1,20200524
566,48,TX,Texas,Quarantine,1,20200329,20200330,,,20200501,1,20200430
566,48,TX,Texas,Quarantine,1,20200329,20200330,,20200501,20200521,1,20200524
566,48,TX,Texas,OtherBusinessClose,1,20200331,20200402,20200604,20200424,,1,20200524
566,48,TX,Texas,StayAtHome,1,20200331,20200402,20200516,20200427,,1,20200524
566,48,TX,Texas,StayAtHome,0,20200427,20200427,20200604,,,0,20200524
566,48,TX,Texas,PublicMask,0,20200505,20200505,20200604,,,1,20200524
567,49,UT,Utah,EmergDec,1,20200306,20200306,,,,1,20200324
567,49,UT,Utah,GathRecomAny,0,20200312,20200316,20200330,,,1,20200524
567,49,UT,Utah,SchoolClose,1,20200313,20200316,,,,1,20200416
567,49,UT,Utah,GathRestrict10,1,20200317,20200317,20200402,,,1,20200524
567,49,UT,Utah,GathRestrictAny,1,20200317,20200317,20200502,20200501,,1,20200524
567,49,UT,Utah,RestaurantRestrict,1,20200317,20200319,20200530,20200501,,1,20200524
567,49,UT,Utah,StayAtHome,1,20200325,20200327,20200501,,,0,20200329
567,49,UT,Utah,StayAtHome,0,20200327,20200327,20200502,,20200501,1,20200505
567,49,UT,Utah,CaseIsolation,1,20200401,20200401,20200502,,,1,20200505
567,49,UT,Utah,PublicMask,0,20200410,20200410,20200530,,,1,20200524
567,49,UT,Utah,GathRecomAny,0,20200429,20200501,20200530,,,1,20200524
568,50,VT,Vermont,EmergDec,1,20200313,20200313,20200616,,,1,20200516
568,50,VT,Vermont,GathRestrict250,1,20200313,20200313,,,,1,20200324
568,50,VT,Vermont,GathRestrictAny,1,20200313,20200313,,,,1,20200324
568,50,VT,Vermont,SchoolClose,1,20200315,20200318,,,,1,20200412
568,50,VT,Vermont,GathRestrict50,1,20200316,20200317,,,,1,20200324
568,50,VT,Vermont,RestaurantRestrict,1,20200316,20200317,20200616,,,1,20200516
568,50,VT,Vermont,GathRestrict10,1,20200320,20200320,20200616,,,1,20200516
568,50,VT,Vermont,OtherBusinessClose,1,20200320,20200323,20200616,,,1,20200516
568,50,VT,Vermont,StayAtHome,1,20200324,20200324,20200616,20200515,,1,20200516
568,50,VT,Vermont,NEBusinessClose,1,20200324,20200325,20200616,20200504,,1,20200516
568,50,VT,Vermont,Quarantine,1,20200330,20200330,20200616,,,1,20200516
568,50,VT,Vermont,PublicMask,0,20200501,20200501,20200616,,,1,20200510
569,51,VA,Virginia,EmergDec,1,20200312,20200312,20200610,,,1,20200412
569,51,VA,Virginia,SchoolClose,1,20200313,20200316,,,,1,20200324
569,51,VA,Virginia,GathRestrict100,1,20200315,20200315,,,,1,20200324
569,51,VA,Virginia,GathRestrictAny,1,20200315,20200315,20200611,,,1,20200516
569,51,VA,Virginia,RestaurantRestrict,1,20200317,20200317,20200611,20200515,,1,20200511
569,51,VA,Virginia,GathRestrict10,1,20200323,20200325,20200611,,,1,20200511
569,51,VA,Virginia,OtherBusinessClose,1,20200323,20200325,20200611,20200515,,1,20200511
569,51,VA,Virginia,StayAtHome,1,20200330,20200330,20200610,,,1,20200504
570,53,WA,Washington,EmergDec,1,20200229,20200229,,,,1,20200324
570,53,WA,Washington,GathRestrict250,1,20200311,20200311,20200401,,,0,20200520
570,53,WA,Washington,GathRestrictAny,1,20200311,20200311,20200401,,,0,20200520
570,53,WA,Washington,SchoolClose,1,20200312,20200317,20200424,,,0,20200412
570,53,WA,Washington,GathRestrict250,1,20200313,20200313,20200401,,,1,20200520
570,53,WA,Washington,GathRestrictAny,1,20200313,20200313,,,,1,20200412
570,53,WA,Washington,SchoolClose,1,20200313,20200317,20200620,,,1,20200520
570,53,WA,Washington,GathRestrict50,1,20200316,20200316,20200401,,,1,20200520
570,53,WA,Washington,OtherBusinessClose,1,20200316,20200316,20200531,20200518,,1,20200520
570,53,WA,Washington,RestaurantRestrict,1,20200316,20200316,20200531,20200518,,1,20200520
570,53,WA,Washington,GathRestrict3,1,20200323,20200323,20200531,,,1,20200520
570,53,WA,Washington,StayAtHome,1,20200323,20200323,20200531,,,1,20200511
570,53,WA,Washington,NEBusinessClose,1,20200323,20200325,20200531,20200515,,1,20200520
570,53,WA,Washington,PublicMask,0,20200504,20200504,,,,1,20200520
571,54,WV,West Virginia,GathRecomAny,0,20200312,20200312,,,,1,20200324
571,54,WV,West Virginia,SchoolClose,1,20200313,20200314,,,,1,20200422
571,54,WV,West Virginia,EmergDec,1,20200316,20200316,,,,1,20200324
571,54,WV,West Virginia,OtherBusinessClose,1,20200318,20200318,,,,1,20200412
571,54,WV,West Virginia,RestaurantRestrict,1,20200318,20200318,,20200504,,1,20200412
571,54,WV,West Virginia,GathRestrict10,1,20200323,20200324,,,20200504,1,20200504
571,54,WV,West Virginia,OtherBusinessClose,1,20200318,20200319,,,,1,20200412
571,54,WV,West Virginia,OtherBusinessClose,1,20200319,20200320,,20200504,,1,20200504
571,54,WV,West Virginia,GathRestrictAny,1,20200323,20200324,,,,1,20200504
571,54,WV,West Virginia,NEBusinessClose,1,20200323,20200324,,20200504,,1,20200504
571,54,WV,West Virginia,StayAtHome,1,20200323,20200324,,20200504,,1,20200324
571,54,WV,West Virginia,Quarantine,1,20200330,20200331,,,20200521,1,20200402
571,54,WV,West Virginia,GathRestrict5,1,20200408,20200409,,,20200505,0,20200409
571,54,WV,West Virginia,GathRestrict5,1,20200410,20200411,,,20200505,0,20200416
571,54,WV,West Virginia,GathRestrict25,1,20200430,20200430,,,,1,20200505
572,55,WI,Wisconsin,EmergDec,1,20200312,20200312,,,,1,20200412
572,55,WI,Wisconsin,SchoolClose,1,20200314,20200318,,,,1,20200412
572,55,WI,Wisconsin,GathRestrict50,1,20200316,20200317,,,,1,20200324
572,55,WI,Wisconsin,GathRestrictAny,1,20200316,20200317,,,,1,20200324
572,55,WI,Wisconsin,RestaurantRestrict,1,20200316,20200317,20200526,,20200513,1,20200516
572,55,WI,Wisconsin,GathRestrict10,1,20200317,20200317,,,,1,20200412
572,55,WI,Wisconsin,OtherBusinessClose,1,20200317,20200317,20200526,,20200513,1,20200516
572,55,WI,Wisconsin,OtherBusinessClose,1,20200320,20200320,20200526,,20200513,1,20200516
572,55,WI,Wisconsin,NEBusinessClose,1,20200324,20200325,20200526,20200429,20200513,1,20200516
572,55,WI,Wisconsin,StayAtHome,1,20200324,20200325,20200526,,20200513,1,20200516
573,56,WY,Wyoming,EmergDec,1,20200313,20200313,,,,1,20200324
573,56,WY,Wyoming,OtherBusinessClose,1,20200319,20200319,20200601,20200501,,1,20200501
573,56,WY,Wyoming,RestaurantRestrict,1,20200319,20200319,20200601,20200515,,1,20200515
573,56,WY,Wyoming,SchoolClose,1,20200319,20200319,20200601,,,1,20200515
573,56,WY,Wyoming,GathRestrict10,1,20200320,20200320,20200516,,20200515,1,20200515
573,56,WY,Wyoming,GathRestrictAny,1,20200320,20200320,20200601,20200515,,1,20200515
573,56,WY,Wyoming,OtherBusinessClose,1,20200324,20200325,20200601,20200501,,1,20200501
573,56,WY,Wyoming,Quarantine,1,20200403,20200403,20200509,,,1,20200501
573,56,WY,Wyoming,PublicMask,0,20200406,20200406,,,,1,20200501
573,56,WY,Wyoming,GathRestrict25,1,20200513,20200515,20200601,,,1,20200515
